ID,Area,Page or flow,Role,Scenario (given / when),Expected result (then),Rule (V# or spec §),Admin setting or manual edit,Test today,Status,Fix needed
ACC-001,Sign-in,/sign-in,Member,Omar is listed and switched on; he types his email and password on /sign-in?next=/tasks,Lands on /tasks; device registered; sign-in log 'ok',"V431, V212, §4 step 3",hard rule (not editable),e2e password.spec › email and password sign in on the deep link…; SQL SIGN-03,Covered,
ACC-002,Sign-in,/sign-in,Member,Omar types a wrong password,One red line 'Wrong email or password' (never says which); stays on sign-in,"V431, §4 page",hard rule (not editable),e2e password.spec › email and password sign in… (wrong password step),Covered,
ACC-003,Sign-in,/sign-in,Member,Omar types a wrong password,Sign-in log gets a 'bad_password' row,"§4 step 3, step 11",hard rule (not editable),none,Gap,Add bad_password to core.sign_in_log results; log it (service role) when signInWithPassword fails
ACC-004,Sign-in,/sign-in,Any,An allowed person tries a password (right or wrong),"Log shows a password attempt, not an emailed code","§4 step 10, V116",hard rule (not editable),none,Gap,api.sign_in_check logs 'code_sent' for every password try; pass the door and log a password result instead
ACC-005,Sign-in,/sign-in,Not on the list,Someone types an email no person holds,'This email is not on the list — ask an admin'; logged not_listed; password never checked,"V431, V116, §4",hard rule (not editable),e2e password.spec › …an unlisted email… refused in words; SQL SIGN-02,Covered,
ACC-006,Sign-in,/sign-in,Switched-off / left person,Layla is listed but switched off; she types her right password,'Your account is switched off' before the password is checked; logged switched_off; no mail,"V431, §4 step 3",Settings → Organization & access → People → Switch on/off,e2e a-switched-off-person-is-refused-at-once-with-the-message; SQL SIGN-02 (sabotage switched-off-people-get-codes),Covered,
ACC-007,Sign-in,any page,Switched-off / left person,Layla is signed in when an admin switches her off,Her next request goes to sign-in with 'Your account is switched off',"V74, V132, §4 step 7",Settings → Organization & access → People → Switch off,"e2e org.spec › an admin adds a person… switching them off…; SQL PPL-02, ME-02",Covered,
ACC-008,Sign-in,/sign-in,Switched-off / left person,Faisal's 'left on' date is last week but nobody switched him off,Decided rule needed: a leaver is refused,none (V132 only stores left_on),manual: edit on the record (left on + Switch off),none,Open question,Rule: left_on on or before today refuses sign-in (or switches off in the same request)
ACC-009,Sign-in,/sign-in,Member,Omar types wrong passwords many times in a minute,'Too many tries — wait a minute and try again'; no app-level lockout,§4 step 3 (Supabase rate limit underneath),"hard rule (Supabase Auth rate limit, set in the dashboard)",none,Partly,E2E on the stack's lowered rate limit expecting the rate-limited line
ACC-010,Sign-in,/sign-in,Any,The page is opened,"Only logo, brand line, Commercial Workspace, email, password, Sign in, © Direct and 'Forgot your password? Ask your admin.' as plain text","V431, V75, V212, §4 page",hard rule (not editable),"e2e password.spec (text visible, no Google/Zoom, no 'keep me signed in'); sabotage sign-in-grows-a-google-door",Partly,Assert the forgot line is not a link; add P3-5b's sabotage sign-in-grows-a-forgot-link
ACC-011,Sign-in,/sign-in,Any,The code door is switched off and someone posts the sendCode server action directly,'Not available'; no code mailed; no code sign-in,"V431, P3-2b acceptance",hard rule (not editable),none,Gap,sendCode/verifyCode ignore the door; they are bundled into the page. Refuse unless auth.code_door_enabled is on
ACC-012,Sign-in,/sign-in,Admin,Admin wants to switch the code door back on,Setting auth.code_door_enabled flips the form to Send code / 6 digits,"V431, V59, §3.2 · P3-2b",Settings → Organization & access (auth.code_door_enabled),none (P3-2b not built; today env SIGN_IN_METHOD),Unbuilt,
ACC-013,Sign-in,/sign-in (code door on),Member,"With the code door on, Omar asks for a code and verifies it",Signed in on the deep link; device registered; logged,"V59, V116",Settings → Organization & access (auth.code_door_enabled),"e2e signin.spec, an-allowed-email-signs-in-with-the-emailed-code (SIGN_IN_METHOD=code); SQL SIGN-02/03",Covered,
ACC-014,Sign-in,/sign-in,Any,A signed-out visitor opens /tasks/42,Sent to sign-in; after signing in returns to /tasks/42,"V117, §4 step 9",hard rule (not editable),e2e a-signed-out-deep-link-returns-to-the-same-address,Covered,
ACC-015,Sign-in,/sign-in,Not on the list,An auth user exists but is linked to no person (made in the dashboard),api.me() 'not_listed'; session ended; nothing readable or writable,"V109, §4 step 8",hard rule (not editable),"SQL ME-02, SIGN-03",Covered,
ACC-016,Sign-in,sign-in log,Admin,Admin looks for the door used,person_auth.providers records 'password' for a password sign-in,§4 (person_auth.providers),hard rule (not editable),none,Gap,sign_in_complete accepts and records only 'email'; add 'password' as a provider (SIGN-04 update)
ACC-017,Password,/set-password,Member,Omar signs in with a generated temporary password,Sent to 'Choose a new password'; every other address comes back there until saved; no shell,"V431, V212, §4 step 4",hard rule (not editable),e2e password.spec › an admin generates a temporary password…; sabotage must-change-not-enforced,Covered,
ACC-018,Password,/set-password,Member,"Omar chooses 'short' (under 10 characters), also posted past the disabled button",Refused in the form and on the server: 'At least 10 characters',"V431, §4",Settings → Organization & access (auth.password_min_length) — not yet,e2e password.spec (server refuses a short password); sabotage password-too-short-accepted,Covered,
ACC-019,Password,/set-password,Admin,Admin wants the minimum at 12,auth.password_min_length is read by forms and server,"§3.2, V431 · P3-2b",Settings → Organization & access (auth.password_min_length),none (hard-coded MIN_PASSWORD = 10),Unbuilt,
ACC-020,Password,/set-password,Member,Omar types back the temporary password he was just given,"Refused as the password just replaced, in words","§4 step 4, P3-2b acceptance",hard rule (not editable),none,Gap,Supabase's same_password error is shown as 'Sign-in is not available'; map it to its own words and test it
ACC-021,Password,/set-password,Member,Omar saves his own password (first sign-in or My profile) while signed in on a phone too,This device stays; every other device is signed out; 'password_changed' logged,"§4 step 4, V74",hard rule (not editable),none,Gap,setOwnPassword and My profile's changePassword neither end other devices nor log; call device_sign_out_others and log password_changed
ACC-022,Password,My profile → Password,Member,"Omar changes his password with a wrong current password, then the right one",Wrong: 'The current password is wrong'; right: 'Password changed'; old one stops working,"V431, §4 step 4, QA-92",hard rule (not editable),e2e password.spec › a generated password opens…My profile changes it; sabotage change-password-skips-the-current,Covered,
ACC-023,Password,gate,Member,The must-change flag is read,Flag on core.person_auth.must_change_password and given by api.me(),"§4 (person_auth), V212 NEED",hard rule (not editable),e2e password.spec (flag in app_metadata),Unbuilt,
ACC-024,Password,gate,Admin account,The owner's three dashboard-made accounts sign in before the pre-go-live change,Not sent to Choose a new password (flag off until the pre-go-live change),"V446, V451",manual: Generate / Reset on the record before go-live,none (P3-2b fixture of the three accounts),Unbuilt,
ACC-025,People admin,/people/<id> → ⋯ → Generate temporary password,Admin,Admin generates a password for Layla with a reason,14+ random characters shown once with Copy; the old password stops working; nothing mailed,"V441, V212",Settings → Organization & access → People (the person's record),e2e password.spec › an admin generates a temporary password with a reason…,Covered,
ACC-026,People admin,/auth/admin/password,Head of department,Huda (head) posts to the generate route for Layla,Refused 403 (admins only),"V441, V97, V138",hard rule (not editable),none (route test missing),Partly,"Route test: head, manager, member and viewer get 403 and no password changes"
ACC-027,People admin,Generate temporary password,Admin,Admin generates a password,"A logged request (who, whom, reason) in the settings/access log and 'password_generated' in the sign-in log — never the password","V431, V441, §4 step 2",hard rule (not editable),none,Gap,Route has a NEED note; add the logged request and the sign-in log result (P3-2b)
ACC-028,People admin,Reset (existing password),Admin,Admin resets Layla's password while she is signed in on two devices,Every device signed out at once; must-change on,"§4 step 2, V74, V451",hard rule (not editable),none,Gap,Route never ends devices; call person_sign_out after updateUserById
ACC-029,People admin,Reset (existing password),Admin,Admin clicks Generate for a person who already has a password,A separate Reset that names the person and asks to confirm; never silent,"V451, §4 step 2",hard rule (not editable),e2e password.spec (one Generate action),Partly,Split Generate (no password yet) from Reset (confirm naming the person)
ACC-030,People admin,Generate for everyone without a password,Admin,Admin runs it before go-live,One list shown once; people with a password (and the three dashboard accounts) skipped and listed; one log line each,"V441, V451, §4 step 2 · P3-2b/P3-5b",Settings → Organization & access → People (the person's record),none (not built),Unbuilt,
ACC-031,People admin,Generate / allow email,Admin,Layla's auth user already exists (made in the dashboard),Linked by its email; never a second auth user; password untouched without a confirmed Reset,"V451, V118",Settings → Organization & access → People (the person's record),none (PWD fixture),Partly,Test ensureAuthUser linking with a dashboard-made user; assert password unchanged
ACC-032,People admin,Generate on own record,Admin,Admin opens their own record,"Open: may an admin generate their own temporary password? (UI hides it, route allows it)",none,My profile → Change password,none,Open question,Decide; recommended: the route refuses self (use My profile)
ACC-033,Devices,any page,Member,Omar's laptop was unused for 31 days; his phone was used yesterday,Laptop: sign-in with 'This device was not used for 30 days — sign in again'; phone stays,"V74, V431",Settings → Organization & access → Settings tab (auth.device_idle_days),e2e a-device-idle-for-31-days-asks-for-a-new-code…; SQL SIGN-05,Covered,
ACC-034,Devices,My profile → Devices,Member,Omar signs his phone out from his laptop,Phone refused on its next request; laptop stays,V74,hard rule (not editable),e2e signing-out-a-device-from-another-refuses-its-next-request; SQL SIGN-08,Covered,
ACC-035,Devices,/people/<id> → Sign out of every device,Admin,Admin signs Omar out everywhere (or one device) with a reason,His next request goes to sign-in 'An admin signed this device out'; logged,"V74, §4",Settings → Organization & access → People (the person's record),e2e an-admin-signing-a-person-out-refuses-their-next-request; SQL SIGN-09,Covered,
ACC-036,Devices,/auth/admin/sign-out,Manager,Khalid (manager) tries to sign Omar out,Refused (admins only),"V138, §8",hard rule (not editable),SQL SIGN-09; e2e an-admin-signing-a-person-out… (member refused),Covered,
ACC-037,Devices,capability org.sign_out,Head of department,Admin grants Huda org.sign_out by override,Open: the capability exists but signing out asks the admin role,§8 vs V138,Settings → Organization & access → Access,none,Open question,Retire org.sign_out or let person_sign_out honour it
ACC-038,Accounts,Settings → People; pickers,Admin account,The owner signs in with his admin account,"Admin everywhere; never in team lists, KPIs, leaderboards or reports-to pickers","V444, §3.1 · P3-8c","manual: kind set once (one-off statement, spec §10)",none (kind allows only staff/system),Unbuilt,
ACC-039,Accounts,sign-in gate,Admin account,The kind admin_account lands (P3-8c),"It still signs in, gets levels and is told of things","V444, V445",hard rule (not editable),none,Gap,"sign_in_state, authz.me, level_of, can_of, may_notify, org and people all require kind='staff'; widen them with the new kinds"
ACC-040,Accounts,Settings → People,Test account,The oversight changes the test account's role and team to test a Manager,Allowed like any person; never a team member; removed before go-live,"V445, V447 · P3-8c, P6-8",Settings → Organization & access → People (the person's record),none,Unbuilt,
ACC-041,Accounts,Settings → People,Test account,Go-live checklist removes the test account,Open: no door removes a person (only Switch off),V445,manual: Switch off (no remove door),none,Open question,"Decide 'removed' = switched off + soft-removed; add api.person_remove (admin, logged, undoable)"
ACC-042,Accounts,any write,System,A migration or job writes with no open request,"Logged under a System request, never the signed-in person","V44, V108",hard rule (not editable),SQL AUD-03 (sabotage unattended-writes-blame-the-login),Covered,
ACC-043,Accounts,Activity → Undo,Admin,Admin tries to undo what the registry sync or a job wrote,Refused undo.not_undoable,V128,hard rule (not editable),SQL UNDO-01,Covered,
ACC-044,Access,every page,Admin,An admin opens any page or uses any capability,Top level on every page; every capability,"V125, §5, §8",hard rule (not editable),"SQL ACC-01, ACC-02",Covered,
ACC-045,Access,drawer / pages,Head of department,Huda signs in,"Full on work pages and Overview/Reports; Own on Appraisal; View on Activity; merge, identify, assign, credit control, import; no Settings","§8, V97",Settings → Organization & access → Access (role matrix),"SQL REG-01, ACC-01, ACC-02",Covered,
ACC-046,Access,drawer / pages,Manager,Khalid signs in,"Full on work pages; View on Overview, Reports, Activity; identify and assign but not merge or credit control",§8,Settings → Organization & access → Access (role matrix),"SQL REG-01, ACC-02",Covered,
ACC-047,Access,drawer / pages,Member,Omar signs in,"Own on My day, Finance, Pipeline, Projects, Tasks, KPIs; Full on Clients and Suppliers & partners; no Overview, Activity or Settings entry","§8, V209",Settings → Organization & access → Access (role matrix),e2e shell.spec › a team member sees no Settings and no page at level none; SQL REG-01,Covered,
ACC-048,Access,drawer / pages,Viewer,Reem signs in,"View on work pages; no Appraisal, Activity or Settings; every write refused","§8, V138 (SEC-02)",Settings → Organization & access → Access (role matrix),"SQL REG-01, SEC-02; no viewer E2E",Partly,E2E: viewer's drawer and a refused write shown in words
ACC-049,Access,a page by address,No access,Omar's level on Finance is none; he types /finance,Drawer hides it; the page shows the no-access state in words; reads refused,"V125, V209, §5",Settings → Organization & access → People → level override,SQL ACC-01 (reads refused); placeholder pages show 'empty',Partly,Page takes its page key and draws DataState no-access for level none (like /activity does)
ACC-050,Access,/people/<id> → Access,Admin,"Admin sets Omar's Finance to View (override) with a reason, then clears it",Override wins over the role; clearing returns to the role default,V125,Settings → Organization & access → People → overrides,SQL ACC-01 (sabotage levels-ignore-overrides),Covered,
ACC-051,Access,Settings → Access matrix,Admin,Admin changes the Member role's starting level with a reason,Members see it after a reload; one logged request with Undo,"V125, V210",Settings → Organization & access → Access,e2e org.spec › a manager sees no access controls; a changed starting level reaches the member…,Covered,
ACC-052,Access,access writes,Head of department,"Huda tries any access change (level, capability, role)","Refused, naming the admin need","V97, V138",hard rule (not editable),"SQL ACC-05, ADM-01 (sabotage access-open-to-heads)",Covered,
ACC-053,Access,access writes,Admin,Admin changes their own role or override,Refused access.not_your_own,V125,hard rule (not editable),SQL ACC-04 (sabotage people-change-their-own-access),Covered,
ACC-054,Access,roles,Admin,"Admin makes a new role, tries to flag it admin, or gives Khalid the admin role",A new role is never admin; only an admin gives the admin role,"V125, V132",Settings → Organization & access → Roles,"SQL ACC-03, ROLE-01 (sabotage anyone-makes-an-admin)",Covered,
ACC-055,Access,open screen,Manager,Khalid is demoted to Member while an edit screen with Full controls is open,His next save is refused in words (needs Full); the drawer changes on reload,"V125, §5 (M42)",Settings → Organization & access → People → role,SQL ACC-06 (refusal names page and level); no E2E for the stale screen,Partly,"E2E: demote mid-session, save, expect the refusal line"
ACC-056,Access,Activity → Undo,Head of department,"Huda was admin, made an email removal, then lost the admin role",She can no longer undo it,"V144, V128",hard rule (not editable),SQL UNDO-06 (sabotage an-email-undone-by-a-former-admin),Covered,
ACC-057,Access,Clients / Suppliers & partners,Member,Omar has none on Clients (override) and Full on Suppliers & partners; Najd Mining has both sides,"He reads and edits the Supplier side only; not the Client side, its history or client IDs",V147,Settings → Organization & access → People → overrides,"SQL SIDE-01 (sabotages one-page-for-both-sides, record-level-ignores-the-sides)",Covered,
ACC-058,Access,departments,Member,Omar (Commercial) reads work of another department,Refused unless an admin let him see it; admins see every department,"§2.6, §5",Settings → Organization & access → People (extra departments),SQL ACC-06,Covered,
ACC-059,Visibility,"history, follow, notices, Activity",Member,A private record type (appraisal stand-in) is read by Omar with Full on its page,"Hidden: only its rule, its owners and admins see it","V143, V96",hard rule (not editable),SQL VIS-01 (sabotage a-private-record-shown-by-the-page-level),Covered,
ACC-060,Visibility,reports_to,Manager,"Khalid manages Omar, who manages Sara","Khalid's reports_to covers Omar only, never Sara","V96, V143",hard rule (not editable),SQL ACC-06 (sabotage reports-to-walks-the-whole-chain),Covered,
ACC-061,Visibility,/people/<id> → Appraisal,Member,Omar opens Layla's appraisal by address or finds it in search,"Refused and never listed (search, exports, notifications, My day, history)",V96 · P6-3,hard rule (not editable),none (appraisals not built; VIS-01 frame ready),Unbuilt,
ACC-062,Visibility,/people/<id> → Appraisal,Manager,"Khalid opens his direct report's appraisal, then a skip-level's",Direct report: visible; skip-level: refused,V96 · P6-3,hard rule (not editable),none,Unbuilt,
ACC-063,Visibility,/people/<id> → Appraisal,Head of department,Huda opens an appraisal of someone who is not her direct report,Refused (being head gives no sight),"V96, §8 (Appraisal Own) · P6-3",hard rule (not editable),none,Unbuilt,
ACC-064,Visibility,/people/<id> → Appraisal,Admin,Admin opens any appraisal,Visible,V96 · P6-3,hard rule (not editable),none,Unbuilt,
ACC-065,Visibility,My day notes,Member,Omar's private note is looked for by Layla in any tab or search,Invisible to her,V433 · P3-13,hard rule (not editable),none,Unbuilt,
ACC-066,Visibility,/people/<id>,Member,Omar opens a colleague's record,"Public details only; no emails, access, devices, sign-in log or history","V132, V128 (HIST), §5",hard rule (not editable),"SQL ORGR-01, HIST-01; no E2E on the colleague page",Partly,"E2E: member opens a colleague's record, sees no emails, devices or history"
ACC-067,View as,/people/<id> → View as,Admin,Admin chooses View as Layla (member),"Banner 'Viewing as Layla — read-only' with Exit; drawer, lists and page levels are hers","V442 · P3-15, P3-16",Settings → Organization & access → People (the person's record),none (not built),Unbuilt,
ACC-068,View as,any write,Admin using View as,"While viewing as Layla, admin presses Save, Undo, Restore or Follow",Refused server-side auth.view_as_read_only; nothing written,"V442, §5 · P3-15",hard rule (not editable),none,Unbuilt,
ACC-069,View as,reads,Admin using View as,Admin views as Omar and opens Layla's appraisal,"Refused, exactly as for Omar","V442, V96, V143 · P3-15",hard rule (not editable),none,Unbuilt,
ACC-070,View as,settings/access log,Admin using View as,Admin starts and exits View as,view_as_start and view_as_stop logged,V442 · P3-15,hard rule (not editable),none,Unbuilt,
ACC-071,View as,/auth/view-as/start,Head of department,"Huda calls the start route, or sends a forged or replayed claim",Refused,V442 · P3-15,hard rule (not editable),none,Unbuilt,
ACC-072,View as,go-live,Admin,auth.view_as_enabled is switched off at go-live,Action hidden; start refused; any live claim dies,"V442, P6-8 · P3-15",Settings → Organization & access (auth.view_as_enabled),none,Unbuilt,
ACC-073,View as,bookkeeping,Admin using View as,Admin views My day as Omar,Open: are Omar's 'last seen' and read marks written?,V442 vs V130/OA16,hard rule (not editable),none,Open question,Decide; recommended: no bookkeeping writes while viewing as
ACC-074,View as,target,Admin using View as,"Admin views as another admin, the admin account or a switched-off person",Open: allowed or refused?,V442 (silent),hard rule (not editable),none,Open question,Decide; recommended: only switched-on staff and the test account
ACC-075,Settings,/settings/<group>,Admin,Admin opens Settings,"Groups Organization & access, App, Work, Clients and Suppliers & partners, Finance, Plan & performance","V97, V210",hard rule (not editable),"e2e settings.spec, org.spec; SQL SETW-01",Covered,
ACC-076,Settings,/settings/org by address,Manager,Khalid types /settings/org,No Settings entry; no-access state in words,"V97, V210",hard rule (not editable),e2e org.spec › a non-admin is refused Settings by address (sabotage settings-open-to-everyone),Covered,
ACC-077,Settings,settings writes,Head of department,Huda (who held Full on Settings pages before) calls api.setting_set,Refused; heads have none on every Settings page,V138,hard rule (not editable),"SQL SETW-01, ADM-01 (sabotage anyone-changes-a-setting)",Covered,
ACC-078,Settings,Setting card → Change,Admin,Admin changes a setting with a reason,Schema-checked; server preview from → to; one request with Undo; in the settings log,"V97, V131, V140",the setting's group,"e2e settings.spec › an admin changes a setting…; SQL SETW-01, JSON-01, SETS-02 (sabotages setting-saves-without-reason, a-preview-that-saves)",Covered,
ACC-079,Settings,Work settings,Admin,Admin dates a Work change into the past or the future,Days before read the old value; a future row does not count yet,"V126, V140",Settings → Work,"SQL SET-01, SETS-02",Covered,
ACC-080,Settings,/activity → Settings log → Revert,Admin,Admin reverts a change older than the Undo window,Previous value comes back as a new dated row,"V97, V210",hard rule (not editable),e2e settings.spec › …reverts it from the log; SQL SETS-02,Covered,
ACC-081,Settings,/activity → Settings log,Head of department,Huda opens the Settings log tab,Not shown; api.settings_log refused (admins only),V140,hard rule (not editable),SQL SETS-02,Covered,
ACC-082,Settings,List editor,Admin,"Admin adds a list entry without an Arabic name, or with a key already used",Save off; database refuses; the key never changes later,"V76, V133",the list's settings group,e2e settings.spec › a list entry needs its Arabic name…; SQL LIST-01 (sabotage list-arabic-optional),Covered,
ACC-083,Settings,List editor → Archive,Admin,Admin archives a value 'Used in 12',Dialog shows 12; needs a replacement and reason; one request re-points all; one Undo,"V97, V140, V210",the list's settings group,"e2e settings.spec › …archives with the count shown, and one Undo restores it; SQL SETS-01",Covered,
ACC-084,Settings,List editor → Remove,Admin,Admin removes a value used nowhere,Soft removal; in Recently deleted; restorable,"V97, V140",the list's settings group,"SQL SETS-01, DEL-01 (sabotage a-list-value-in-use-is-removed)",Covered,
ACC-085,Settings,List / department / team / role editor,Admin,"Admin types a banned word (e.g. 'B2B Clients') into a list value, side field or team name","Refused, naming the word","V404, V156",hard rule (not editable),"SQL WORDS-01; unit the-app-refuses-a-typed-value-with-a-banned-word (sabotages the-list-editor-takes-a-banned-word, an-org-name-takes-a-banned-word)",Covered,
ACC-086,Settings,List editor,Admin,Admin types 'Zoom meeting' as an activity channel value,Allowed in data (Zoom is banned on screens only),V156 (QA-67),hard rule (not editable),none,Gap,src/core/words/banned.ts uses the screen list; switch typed values to the data list (FORBIDDEN_IN_DATA)
ACC-087,Settings,Setting card,Admin,Admin types a banned word into a free-text setting value,Open: refused or allowed?,"V404 names lists, seeds and defaults only",hard rule (not editable),none,Open question,Decide; recommended: core.setting_set refuses it like the list editor
ACC-088,Settings,Settings → App → Wording,Admin,Admin renames 'Revenue' or 'Responsible',The word changes on every screen without code,"V73, V405, §3.2",Settings → App → Wording,"none (no editor, no P-step)",Gap,Add a Wording editor over core.wording to a P-step
ACC-089,Settings,Settings → App → Documents,Admin,Admin adds an SOP link,It shows under Documents in the profile menu,V435,Settings → App → Documents,none (core.doc_link not declared),Gap,Declare core.doc_link and the Documents menu in a P-step
ACC-090,Settings,Settings → App defaults,Admin,Admin sets the default theme to Light and density to Compact,New people start on Light / Compact until they choose,"V97, V131","Settings → App (app.default_theme, app.default_density)",none,Gap,Prefs and My profile fall back to hard-coded Direct/Comfortable; read app.default_* in the layout
ACC-091,Settings,Settings → App defaults,Admin,"Admin sets a default start page, drawer or notification choices",Everyone without their own choice follows it; sign-in lands on the start page,"V97, §3.2","Settings → App (app.default_start_page, _drawer, _notifications)",none (settings not declared; '/' always goes to My day),Gap,"Declare the three defaults; send '/' to profile start page, else the default"
ACC-092,People admin,Settings → Organization & access → Add person,Admin,"Admin adds Sara with job title, department, team, manager, role Member, work email, sign-in on",One request; email allowed; her record opens; she signs in after a password,"V132, V118, V210",Settings → Organization & access → People (the person's record),e2e org.spec › an admin adds a person who then signs in…; SQL PPL-01,Covered,
ACC-093,People admin,Add person,Admin,Admin adds Sara with an email Omar already holds,"Nothing saved, or one clear refusal with no half-made person","V132, V2",Settings → Organization & access → People (the person's record),none,Gap,person_create and the email are two requests: the person stays without an email; do both in one request or undo the first
ACC-094,People admin,/people/<id> → Add email,Admin,Admin adds Omar's .net beside his .com,One person; either email signs in to him,"V2, V118",Settings → Organization & access → People (the person's record),"SQL SIGN-01, SIGN-04 (code door); no password-door test",Partly,"E2E: generate, then sign in with the second email on the password door"
ACC-095,People admin,/people/<id> → Remove email,Admin,Admin removes Omar's .net with a reason,"Its sign-in refused at once; auth user banned; logged, undoable by an admin","V118, V144",Settings → Organization & access → People (the person's record),e2e an-admin-allows-an-email-and-removing-it-refuses-its-sign-in (route only); SQL SIGN-06,Partly,No Remove email control on the record (catalog key unused); add it
ACC-096,People admin,people writes,Head of department,"Huda adds a person, edits one, or puts her mailbox on an admin",Refused,"V97, V138",hard rule (not editable),"SQL PPL-01, ADM-01, SIGN-07 (sabotage a-non-admin-adds-an-email-to-an-admin)",Covered,
ACC-097,People admin,/people/<id> → Edit,Admin,Two admins edit Omar; the second saves a stale version,"Different fields merge; same field refused naming who, when and the version now","V127, A14",hard rule (not editable),SQL CONC-01 (sabotage last-write-wins),Covered,
ACC-098,People admin,Teams → Retire,Admin,"Admin retires a team of 4, moving them to another team",One request moves them; one Undo reverses,"V132, D11",Settings → Organization & access → Teams,e2e org.spec › a team retires with its people moved…; SQL TEAM-01,Covered,
ACC-099,People admin,/people/<id> → Switch off,Admin,"Admin switches Omar off with a reason, later back on",Off: every device ended and auth users banned; On: he signs in again,"V132, V74",Settings → Organization & access → People (the person's record),e2e org.spec; SQL PPL-02 (sabotage switching-off-leaves-devices-live),Covered,
ACC-100,People admin,Toast Undo / Activity Undo,Admin,Admin undoes a switch-off or an email removal from the screen,"Database restores AND the Supabase ban is lifted, so the person signs in",V144,hard rule (not editable),e2e undoing-an-email-removal-lifts-its-ban (route); e2e org.spec checks only can_sign_in,Gap,"Screens call api.undo directly, never /auth/admin/undo; route undo through it and assert sign-in after UI undo"
ACC-101,People admin,leaving,Admin,Omar leaves: admin sets 'left on',Open: switched off? removed from pickers? what happens to his open work?,none (V132 stores left_on),manual: edit on the record + Switch off,none,Open question,Rule: leaving = switch off + reassignment in one request with the count and one Undo
ACC-102,People admin,leaving → reassign,Admin,"Omar owns 30 tasks, 12 client sides, 3 KPI leads and open next steps","One bulk reassignment to Layla, logged, one Undo",V63/V136 bulk assign (sides only); nothing for tasks/KPIs,manual: Clients bulk assign per side,SQL PROS-01 (sides only),Open question,"Decide a leaver reassignment door (tasks, sides, KPI leads, next steps)"
ACC-103,Notifications,fan-out,Member,"Layla changes Najd Mining, which Omar owns and Sara follows","Omar told once (changed by someone else), Sara after him; Layla never","V129, §3.3",hard rule (not editable),SQL NTF-01 (sabotage the-actor-hears-their-own-change),Covered,
ACC-104,Notifications,Bell,Member,"Omar opens the bell, marks all read, snoozes one to tomorrow 08:00","Only his, newest first, tabs All · Mentions · Assigned; snoozed back unread later; max 30 days","V61, V129 · P3-7",hard rule (not editable),SQL NTF-02 (sabotage the-bell-shows-everyones); UI count hard-coded 0,Unbuilt,
ACC-105,Notifications,My profile → Notifications / Settings → App,Member,Omar turns 'changed by someone else' off; admin turns a kind off for a department,Not told of that kind,V129,Settings → App (notify.kinds_enabled); My profile → Notifications,"SQL NTF-01, ALR-01, PROF-01",Covered,
ACC-106,Notifications,fan-out,Switched-off / left person,Layla is switched off; a record she owns changes,She is not told,V129,hard rule (not editable),SQL NTF-01 (may_notify); no explicit case,Partly,Add a switched-off owner to NTF-01
ACC-107,Notifications,Follow,Viewer,"Reem follows a record she may not see, or keeps following after losing sight",Refused; a follower who cannot see is not told,"V129, V143",hard rule (not editable),"SQL NTF-03, VIS-01 (sabotage anyone-follows-anything)",Covered,
ACC-108,Notifications,alerts job,System,The 06:00 Riyadh job runs twice the same day; one alert kind fails,"One notification per person, key and day; others still fire",V130,hard rule (not editable),SQL ALR-01 (sabotage alerts-fire-every-run),Covered,
ACC-109,Notifications,email policy,Any,Anything happens that would notify,In-app only; nothing sends email,"V45, V431",hard rule (not editable),e2e switched-off/unlisted specs assert no mail; profile accepts an 'email' channel that does nothing,Covered,
ACC-110,Undo & history,toast → Undo,Member,Omar removes something and presses Undo within 24 h; again after 25 h,First reverts per field; later refused (window is a setting),"V128, §3.3",Settings → App (audit.undo_window_hours),"e2e dialogs.spec › Confirm → Remove → toast with Undo → undone; SQL UNDO-01, UNDO-05 (sabotage the-undo-window-never-closes)",Covered,
ACC-111,Undo & history,Undo,Member,Omar undoes a change whose field Layla changed since,"Nothing undone; names the field, Layla and when","V128, A16",hard rule (not editable),SQL UNDO-03 (sabotage undo-does-what-it-can),Covered,
ACC-112,Undo & history,Undo,Member,"Omar (owner, Own on the page) undoes Layla's change to his record within the window",Allowed; a viewer or non-owner refused undo.not_allowed,"V128, D7",hard rule (not editable),SQL UNDO-05,Covered,
ACC-113,Undo & history,Activity → Undo,Manager,Khalid (Full on Tasks) undoes a week-old change by Omar,Allowed any time,V128,hard rule (not editable),SQL UNDO-05,Covered,
ACC-114,Undo & history,Activity → Undo,Head of department,Huda tries to undo an access change or a switch-off,Refused; only an admin undoes access,"V128, V144",hard rule (not editable),"SQL UNDO-05, UNDO-06 (sabotage access-undone-by-anyone)",Covered,
ACC-115,Undo & history,conflict dialog,Member,Two tabs edit the same field of a record,Second sees who changed it and picks theirs or mine per field,"A14, FLOW-08 · P3-7",hard rule (not editable),SQL CONC-01; UI shows 'Someone changed this… Reload',Unbuilt,
ACC-116,Undo & history,record history,Member,"Omar opens a record's Activity tab, and Layla's profile history",History of what he may see; a profile's history only its owner's (and admins'),"V128, V143",hard rule (not editable),SQL HIST-01 (sabotage history-is-open-to-all),Covered,
ACC-117,Undo & history,/activity,Viewer,Reem types /activity,No-access state; api.activity refused,"V97, §8",hard rule (not editable),SQL (Activity · View check in audit.activity); no E2E,Partly,E2E: member and viewer get the no-access state on /activity
ACC-118,Recently deleted,/activity → Recently deleted,Member,Omar restores a contact he removed 3 days ago,Back in one request that Undo takes back,"V141, V401 · P3-7 (screen)",Settings → App (audit.recently_deleted_days),SQL DEL-01; no screen,Unbuilt,
ACC-119,Recently deleted,api.restore,Viewer,Reem restores a removed contact,Refused restore.not_allowed,V141,hard rule (not editable),SQL DEL-01,Covered,
ACC-120,Recently deleted,api.restore,Member,"Omar restores something removed 31 days ago, or over a live duplicate",restore.too_late / restore.blocked_by_duplicate,V141,Settings → App (audit.recently_deleted_days),SQL DEL-01 (sabotage restore-ignores-the-window),Covered,
ACC-121,Recently deleted,api.restore,Head of department,Huda restores a removed allowed email or access override,Refused; access and sign-in records are an admin's,V141,hard rule (not editable),none,Partly,Add the access/email restore refusal to DEL-01
ACC-122,Search,Ctrl K,Member,Omar presses Ctrl K,Palette lists the pages he may open and create actions; Settings only for admins,"V209, V401",hard rule (not editable),e2e shell.spec › Ctrl K opens the palette and goes to a page,Covered,
ACC-123,Search,Ctrl K → records,Member,Omar types a VAT number or 'Najd' in Ctrl K,Organisations by any identifier and people by name,"V136, V149 · P3-9",hard rule (not editable),SQL SRCH-01 (api.search); palette has no record results,Unbuilt,
ACC-124,Search,api.search,Member,Omar has no access to Clients and searches a client ID,No client IDs or codes; only organisations he may see,V149,hard rule (not editable),SQL SRCH-01 (sabotage search-ignores-access),Covered,
ACC-125,Search,api.search,Any,Someone types '%' or '_' in search,"Matched as text, not as a wildcard","V136, V149 (search)",hard rule (not editable),none,Gap,LIKE patterns are not escaped; escape % and _ in core.search
ACC-126,My profile,/profile,Member,"Omar sets nickname, colour, zodiac badge, theme Direct, Compact",Shown at once in the top bar and drawer foot; one request with Undo; nobody else's profile has a door,"V9, V131, V210",My profile,e2e profile.spec › a team member edits their profile…; SQL PROF-01 (sabotage profile-saves-nothing),Covered,
ACC-127,My profile,profile menu / drawer foot / bottom bar,Any,"Omar clicks 'My profile' in the profile menu (or the drawer foot, or More on a phone)",Opens /profile,V210,hard rule (not editable),none (tests go to /profile directly),Gap,"The links point to /settings/profile, which answers not found; point them to /profile and test the click"
ACC-128,My profile,profile menu → theme,Member,"Omar picks Dark in the profile menu, then signs in on his phone",Dark follows him on the phone (the profile is the source; cookies only cache it),"V201, V9",My profile,none (the menu writes only this browser's cookie),Partly,Menu theme/density should save to the profile (as /profile does) and the layout should seed cookies from it
ACC-129,My profile,/profile → Language,Admin,Admin switches app.arabic_enabled on,"EN | ع appears on sign-in, the profile menu and My profile","V122, V204 · P6-7",Settings → App (app.arabic_enabled),none,Gap,"No page passes arabicEnabled, so the switch never shows even when the setting is on; read the setting server-side"
ACC-130,My profile,/profile → Language,Member,Omar picks Arabic while app.arabic_enabled is off,Refused profile.arabic_not_enabled,V122,Settings → App (app.arabic_enabled),SQL PROF-01 (sabotage arabic-before-it-is-approved),Covered,
ACC-131,My profile,/profile,Member,"Omar sets a start page he cannot open, an unknown notification kind, or a bad badge",Refused in words,V131,hard rule (not editable),SQL PROF-01,Covered,
ACC-132,My profile,/profile,Viewer,Reem opens My profile,Own level always; she edits her own,"V97, §8",hard rule (not editable),SQL REG-01 (levels ['own']),Covered,
ACC-133,Exports,Export on every list,Member,Omar exports a list with chips applied,"Same rows as the list (fetchAll), CSV/XLSX, csvGuard on =,+,-,@ cells, dates as Riyadh dates","V83, V426 OA23, §3.11 · P3-12",Settings → App (app.export_formats),none (core/export not built),Unbuilt,
ACC-134,Exports,Export,Viewer,Reem exports a list,Only rows she may see; no hidden column dropped silently,"V83, V143 · P3-12",hard rule (not editable),none,Unbuilt,
ACC-135,Exports,Export,Manager,Khalid exports people or tasks,No colleague's appraisal and no private note in any export,"V96, V433 · P3-12, P6-3",hard rule (not editable),none,Unbuilt,
ACC-136,Arabic,"list, department, team, role editors",Admin,Admin saves any of them without an Arabic name,Refused (org.name_ar_required / list),"V76, V140",hard rule (not editable),"SQL LIST-01, ROLE-01, TEAM-01 (sabotage arabic-names-optional)",Covered,
ACC-137,Arabic,"shell, sign-in",Any,The page is drawn right-to-left,Mirrored; no physical-direction leak,"V75, V85",hard rule (not editable),"e2e rtl.spec (shell, sign-in); check no-physical-CSS",Covered,
ACC-138,Arabic,catalog,Any,Arabic is switched on,Every key has Arabic; a missing key is refused,"V410 · P3-11, P6-7",Settings → App (app.arabic_enabled),none (376 of 603 keys lack Arabic today),Unbuilt,
ACC-139,Arabic,locale cookie,Any,Someone sets the v2.locale cookie to 'ar' by hand while Arabic is off,English stays until the setting is on,V122,Settings → App (app.arabic_enabled),none,Gap,i18n request.ts trusts the cookie; check app.arabic_enabled before serving ar
ACC-140,Phone,phone < 640 px,Admin,Admin uses the app on a phone,Bottom bar My day · Tasks · Clients · KPIs · More; More holds profile and Settings (admin only),"V85, V209",hard rule (not editable),e2e shell.spec › under 640 px the bottom bar…,Covered,
WRK-001,My day,Capture,Member,"Omar presses the capture key and types a sticky (or a meeting note, or a 3-row checklist)","A Note of that kind is saved as his, private, happened_on today; checklist rows keep text, done, owner, due; one request with Undo",V433; §3.3a,hard rule (not editable),none — P3-13/P3-14 not built,Unbuilt,
WRK-002,My day,/ commands,Any,"Omar types ""/call Najd Mining"" in the capture bar",Repo docs do not define / commands (only the approved My day proposal lists note · meeting · checklist · task · reminder · call),V433; §3.3a (silent),—,none,Open question,Record the / command list (or rule it out of v1) in V433 and §3.3a.
WRK-003,My day,Capture,Viewer,Huda (View on My day) tries to capture a private note,"Not decided: notes are the author's own, but View is read-only (§5)",§8 My day; §5,Settings → Organization & access → Access (matrix / person override),none,Open question,Rule whether a viewer may keep notes (e.g. notes need Own) and test it in NOTE-*.
WRK-004,My day,Private notes,Member,"Layla (same team) looks for Omar's private note in My team, Workspace, search, exports and history",She sees nothing of it anywhere,V433; §3.3a; V143,hard rule (not editable),none — P3-13 not built (VIS-01 proves the private-type mechanism),Unbuilt,
WRK-005,My day,Private notes,Admin,Faisal (admin) searches for Omar's private note,Conflict: V143 says an admin always sees a private record; §3.3a says a private note is invisible to everyone else,V143 vs V433; §3.3a,—,v2/supabase/tests/visibility/VIS-01-a-private-record-is-seen-by-its-rule-its-owners-and-admins-only.sql: 'an admin sees a private record',Open question,"Rule whether admins see private notes; if not, give my.note a rule that skips the admin bypass, with a test."
WRK-006,My day,Private notes,Admin using View as,Faisal views the app as Omar and opens My day,"Not decided: View as reads as Omar, so Omar's private notes would show to Faisal",V442; V433,Settings → App → auth.view_as_enabled,none,Open question,Rule whether View as hides the viewed person's private notes.
WRK-007,My day,Visibility,Member,"Omar switches a note private → team, then back to private",Team: shown on My team for his team only; private again: hidden again,V433; §3.3a,manual: visibility chip on the note,none — P3-13 not built,Unbuilt,
WRK-008,My day,My team tab,Manager,"Sara opens My team (and Khalid, a head with no team of his own)","Repo: ""what my team shares"" (team notes); approved proposal: team load, blocked tasks, escalations, quiet clients — not reconciled; a head's team undefined",V433; §3.3a,—,none,Open question,"Rule My team's blocks and whether ""team"" means team_id, direct reports or the department (for a head)."
WRK-009,My day,Workspace tab,Admin,Faisal opens Workspace,"Repo: what everyone shares; approved proposal: decisions, sign-in refusals, settings changes, Recently deleted — not reconciled",V433; §3.3a,—,none,Open question,Rule the Workspace tab's contents per role.
WRK-010,My day,Start,Admin account,The owner's admin account (never a team member) opens My day,Not decided what Me / My team show for an account with no team work,V444; V433,—,none,Open question,Rule the admin account's start page and My day content.
WRK-011,My day,Levels,Manager,Sara (Full on My day) tries to edit a member's team-shared note,Not decided whether Full on My day lets her edit or remove another's note,§5; §8 My day,Settings → Organization & access → Access (matrix / person override),none,Open question,Rule notes as author-only edits (like core.note) and test it.
WRK-012,My day,Turn into,Member,Omar turns a sticky into a logged call on Najd Mining,"One request: activity via api.activity_log plus the link; activity shows ""from note"", note ""turned into""; both chips navigable; one Undo reverts both",V433; §3.3a,hard rule (not editable),none — P3-13/P3-14 not built,Unbuilt,
WRK-013,My day,Turn into task,Member,Omar turns a checklist row into a task,"Task via api.task_create, linked both ways; until P5-2 the option is greyed ""not yet""",V433; P3-14; P5-1,hard rule (not editable),none — P5-1/P5-2 not built,Unbuilt,
WRK-014,My day,Turn into action item / achievement,Member,"Omar turns one line into an action item on Sara's task, another into an achievement","Action item on that task, achievement via api.achievement_log, each linked to the note; achievement greyed until P5-6",V433; §3.3a; P5-4,hard rule (not editable),none — P5-1/P5-4 not built,Unbuilt,
WRK-015,My day,Turn into reminder,Member,Omar turns a note into a reminder for 14:30 today,"Conflict: §3.3a says it fires ""at its time"", but reminders are sent by the alerts job, which runs once a day at 06:00",§3.3a; V130,—,none — P3-13 not built,Open question,Rule reminder precision (day or time) or give reminders their own frequent job.
WRK-016,My day,Two-way link,Member,Omar deletes the call made from his note (or the note a task came from),The other record stays; only the link and its chip go; Undo / Restore brings the link back,V433; §3.3a my.note_link,hard rule (not editable),none — P3-13 not built,Unbuilt,
WRK-017,My day,Two-way link,Member,Layla opens a task made from Omar's private note,"Task follows its own rule (everyone sees it); whether its ""from note"" chip shows to Layla, who cannot open the note, is not decided",§3.3a; V96,—,none,Open question,Rule that the chip is hidden (or shown unlinked) for people who cannot see the note.
WRK-018,My day,@mentions,Member,"Omar @mentions Layla in a team note, then saves it again",Layla told once (note_mention); the second save tells nobody,V433; §3.3a my.note_mention,Settings → App → notify.kinds_enabled; My profile,none — P3-13 not built,Unbuilt,
WRK-019,My day,@mentions,Member,Omar @mentions Layla in a private note,"Not decided: she cannot see it, so the mention is refused (as on records) or it shares the note",V433; V143; V150,—,none,Open question,"Rule whether a mention shares a private note, is refused, or waits until conversion."
WRK-020,My day,@mentions become helpers,Member,Omar turns a note mentioning Layla and Sara into a task (or a logged call),"Task: both become helpers (helper_added); call: both become the activity's mentions, told once",V433; §3.3a,hard rule (not editable),none — P3-13/P5-1 not built,Unbuilt,
WRK-021,My day,Wrap up today,Member,At day end Omar has 4 open captures,"Each one: convert, carry over (carried_to tomorrow, happened_on kept) or done; nothing is deleted",V433; §3.3a,hard rule (not editable),none — P3-13/P3-14 not built,Unbuilt,
WRK-022,My day,Wrap up today,Member,Omar carries a capture over on Thursday (week Sunday–Thursday),"Not decided whether ""tomorrow"" is Friday or the next working day",§3.3a; V126 work.week_starts_on,Settings → Work → week starts on,none,Open question,"Rule carry over to the next working day, or literally tomorrow."
WRK-023,My day,Finish meeting,Member,"Omar finishes a meeting note with 3 points owned by Layla, Sara and himself","Points become action items (owner, date) on the named task or a new task; the meeting is logged as an activity on the organisation; one request, one Undo",V433; §3.3a,hard rule (not editable),none — P3-13/P5-1 not built,Unbuilt,
WRK-024,My day,Finish meeting,Member,Omar finishes an internal meeting note with no organisation,Not decided where the meeting is logged (api.activity_log needs an organisation),§3.3a,—,none,Open question,"Rule internal meetings (log on the task, or no activity)."
WRK-025,My day,Since your last visit,Member,Omar returns to My day after two days,His previous visit per page is answered (null the first time); counters are since then,V61; V130,hard rule (not editable),v2/supabase/tests/notify/SEEN-01-since-your-last-visit-is-per-person-and-page.sql (data); block none — P5-7 not built,Covered,
WRK-026,My day,My work block,Member,"Omar owns 2 tasks, owns an action item on Sara's task and helps on Layla's","My work lists all four, grouped Overdue / Today / This week, 5–7 rows and ""more""",§3.7 work.my_work; §6; V433,hard rule (not editable),none — P5-1/P5-7 not built,Unbuilt,
WRK-027,My day,Phone and density,Any,"My day at 400 px and 1,500 px, Comfortable and Compact","Every block draws 5–7 rows with a ""more"" link; nothing cramped",V433; V85; V8,My profile → density,v2/tests/e2e/shell.spec.ts 'shot · my-day' (placeholder page only),Unbuilt,
WRK-028,My day,Failed load,Any,api.my_day() fails for Omar,Each block says it failed and offers retry; never drawn as empty or 0,V426 OA18,hard rule (not editable),none — P3-14 not built,Unbuilt,
WRK-029,My day,Leaver,Switched-off / left person,Nora is switched off with open notes and a reminder due tomorrow,Her notes stay (never deleted); the reminder notifies nobody (she may not sign in),V129; V433,Settings → Organization & access → People (switch off),none — P3-13 not built (NTF-01 proves the no-sign-in rule),Unbuilt,
WRK-030,Tasks,Quick add,Member,"Omar quick-adds ""Call Dune Foods"" with a due date (Enter)","Task owned by Omar, his active team, default status, numbered; toast with Undo",§3.7; §6 Tasks,Settings → Work → Task statuses (default),none — P5-1/P5-2 not built,Unbuilt,
WRK-031,Tasks,Assign,Member,Omar assigns a task to Layla,Refused (access.needs_capability tasks.assign),§3.7; §8,Settings → Organization & access → Access (matrix / person override) (tasks.assign),none — P5-1 not built (capability declared in tasks/module.ts),Unbuilt,
WRK-032,Tasks,Assign,Manager,Sara assigns a task to Omar,Allowed; assigned_by = Sara; Omar gets 'assigned' in Assigned to me; team load shown beside the picker,§3.7; V91; V129,Settings → Organization & access → Access (matrix / person override) (tasks.assign),none — P5-1/P5-2 not built,Unbuilt,
WRK-033,Tasks,Helpers,Member,"Omar adds Layla as helper; Layla then edits the title, ticks Omar's action item, then her own",Helper added with Own (helper_added); title and Omar's item refused; her own item ticked; she may add notes,§3.7; §5; V129,hard rule (not editable),none — P5-1 not built (TSK-*),Unbuilt,
WRK-034,Tasks,Manager edits,Manager,Sara (Full on Tasks) moves Omar's due date,Allowed; Omar told (changed_by_other); either may Undo within the window,§5; V128; V129,Settings → App → audit.undo_window_hours,none — P5-1 not built,Unbuilt,
WRK-035,Tasks,Viewer,Viewer,Huda opens Tasks and tries quick add and Escalate,Reads every task (V96); no write controls; the server refuses writes,§8; §5; V96,Settings → Organization & access → Access (matrix / person override),none — P5-1/P5-2 not built,Unbuilt,
WRK-036,Tasks,No access,No access,Layla's Tasks level is set to none,No Tasks entry in the drawer or bottom bar; the address shows the no-access state; reads refused,V125; V209,Settings → Organization & access → Access (matrix / person override) (person override),v2/tests/e2e/shell.spec.ts 'the drawer comes from the registry: a team member sees no Settings and no page at level none',Partly,Add the task-read refusal test when P5-1 lands (only the drawer part is proven).
WRK-037,Tasks,Status meanings,Admin,"Faisal renames ""In progress"" to ""Working on it"" and tries to remove it",Name changes everywhere; meaning in_progress is locked; never removed or retired,V401; V97; V140,Settings → Work → Task statuses,none — P5-1 not built (locked meanings exist for call outcomes only),Unbuilt,
WRK-038,Tasks,Status meanings,Admin,"Faisal adds a fifth status ""Waiting for client""",Not decided which of the four locked meanings a new status takes,§3.7 work.task_status,Settings → Work → Task statuses,none,Open question,Rule that every new status picks one of the four meanings.
WRK-039,Tasks,Blocked,Member,"Omar marks his In progress task Blocked without a reason, then with one, then resumes it","Without: refused. With: blocked_reason and blocked_on, a status change with its happened_on, Blocked chip inside In progress; resuming clears the reason",V401; §3.7,hard rule (not editable),none — P5-1/P5-2 not built,Unbuilt,
WRK-040,Tasks,Blocked and stale,System,A task has been Blocked for 10 days with no update,Not decided whether Blocked tasks get the stale flag (Blocked is inside In progress),§3.7 work.task_view,Settings → Work → No-update days,none,Open question,Rule whether Blocked is exempt from stale.
WRK-041,Tasks,Priority / Executive directive,Head of department,"Khalid must flag a CEO order that jumps the queue as ""Executive directive""","Priorities come from work.priority, seeded High · Medium · Low only; no ""Executive directive"" in the docs or the seed",§3.7 work.priority (silent),Settings → Work → Priorities (an admin can add it),none (list seeded in partner_api.sql),Open question,"Add ""Executive directive"" (ranked first) to the priority seed and say how it sorts and notifies."
WRK-042,Tasks,Overdue,System,A task due yesterday is not done; the Riyadh day turns,"Flagged overdue live (not stored), counted on the bell and My day",§3.3; §3.7,hard rule (not editable),none — P5-1 not built (CORE-01 proves the Riyadh day),Unbuilt,
WRK-043,Tasks,Overdue,System,A Cancelled task's due date passes,"§3.7 says overdue = due before today and not done, so Cancelled would show overdue",§3.7 work.task_view,—,none,Open question,Define overdue as neither Done nor Cancelled.
WRK-044,Tasks,Due reminder,System,A task is due tomorrow (work.reminder_days_before_due = 1),"Not decided what the setting drives: §3.3 says due items are counted live, and no due-reminder notice kind exists",V126; §3.3,Settings → Work → Reminder days before due,none,Open question,Rule what reminder_days_before_due does (a notice kind or the live count).
WRK-045,Tasks,Stale,System,An In progress task's last update is 8 days old (no-update days 7); Omar then logs an update dated 10 days ago,"Stale flag on list and board, judged today on happened_on; the backdated update tells nobody and leaves it stale; a current update clears it",§3.7; V126,Settings → Work → No-update days (effective-dated),none — P5-1 not built (setting exists in tasks/module.ts),Unbuilt,
WRK-046,Tasks,Past-dated assignment,Manager,Sara creates a task for Omar dated last week,"V400 silences past-dated work, so Omar would never be told he was assigned",V400; V142; §3.3,—,v2/supabase/tests/dates/DATE-01-work-carries-the-day-it-happened-and-past-work-tells-nobody.sql: 'past-dated work tells nobody' (mechanism),Open question,Rule whether assigned / helper_added notices ignore V400's silence.
WRK-047,Tasks,Logged late,System,"After go-live, an update is logged 20 days after it happened","Marked ""logged late"" (late days 14); an entry dated before go-live never is",V400; §3.7,Settings → Work → Late days; Settings → App → go-live date,"v2/supabase/tests/notes/ACT-01-log-activity-puts-the-activity-and-its-next-step-on-the-organisation.sql: 's timeline, today, not late' (not-late branch only; tasks not built)",Partly,"Test core.logged_late's true branch (after go-live, past 14 days) and apply it to tasks in P5-1."
WRK-048,Tasks,Recurring,System,"The monthly ""Partner feedback"" template (and the quarterly business review) runs twice on its day for 3 key partners","One task per key partner, owned by its account manager, with its checklist, created once (task_occurrence)",V72; §3.7,Settings → Work → Templates and recurrence,none — P5-1 not built,Unbuilt,
WRK-049,Tasks,Recurring,System,A key partner's account manager left before the run,Not decided who owns the generated task,V72; §3.7,—,none,Open question,Rule the fallback owner (template creator or department head) and notify.
WRK-050,Tasks,Checklists,Member,"Omar adds 3 action items with owners and dates, then closes the task","No subtask records; closing asks: close the open items too, or keep the task open; then offers Log the achievement",V438; §3.7,hard rule (not editable),none — P5-1/P5-2 not built,Unbuilt,
WRK-051,Tasks,Files,Member,Omar attaches a rate sheet to his task,core.file_link purpose attachment; listed under its computed name,V401; V55,Settings → Clients and Suppliers & partners → file-name patterns,none — P5-1 not built (files exist for organisations only),Unbuilt,
WRK-052,Tasks,Escalate,Member,Omar escalates a blocked task to Khalid with a note,"Khalid told (escalated), made a follower; note on the timeline and the log; one request",V401; §3.3,hard rule (not editable),none — P5-1 not built (the 'escalated' kind is already accepted),Unbuilt,
WRK-053,Tasks,Leaver,Manager,Nora leaves with 12 open tasks and 5 action items,Not decided: nothing reassigns them; only the generic bulk assign on lists exists,§3.3 bulk actions; V132,manual: bulk assign on the Tasks list,none,Open question,"Rule a ""reassign a leaver's work"" action (tasks, items, side owners, templates) with one Undo."
WRK-054,Tasks,Team load,Manager,Sara opens an assign dialog and the Team load view,"Per person: open tasks, overdue, open action items, partners owned, prospects assigned",V91; §3.7,hard rule (not editable),none — P5-1/P5-2 not built (LOAD-*),Unbuilt,
WRK-055,Tasks,Concurrency,Any,"Omar and Sara edit the same task: different fields, then the same field","Different fields both kept; same field: the second is told who and when, and chooses",FLOW-08; A14; V127,hard rule (not editable),v2/supabase/tests/undo/CONC-01-a-stale-version-merges-or-names-the-conflict.sql (mechanism); tasks not built (P5-1),Unbuilt,
WRK-056,Tasks,View as,Admin using View as,Faisal views as Omar and presses quick add,"Banner ""Viewing as Omar — read-only""; every write refused server-side",V442,Settings → App → auth.view_as_enabled,none — P3-15/P3-16 not built,Unbuilt,
WRK-057,Tasks,Next step,Member,"Omar logs a call with the next step ""send rates"" on 5 Oct","Exactly one task on his My day due 5 Oct, origin next_step, linked to the organisation and the activity",V401; §3.4,hard rule (not editable),v2/supabase/tests/notes/ACT-01-log-activity-puts-the-activity-and-its-next-step-on-the-organisation.sql (next_step_task_id empty until P5-1),Unbuilt,
WRK-058,Tasks,Demo task,Member,"Omar logs ""demo set"" for 8 Oct, and later ""demo held""","Demo task on 8 Oct for Omar, his manager Sara as helper, same request, one Undo; demo held offers to close it",V406; V88,hard rule (not editable),"v2/supabase/tests/notes/ACT-01-log-activity-puts-the-activity-and-its-next-step-on-the-organisation.sql: 'with it, the demo', 'offer_close_demo_task' (day and flag only); task not built (P5-1)",Unbuilt,
WRK-059,Meetings,Log meeting on a task,Member,Omar adds a meeting note dated 2 Oct with 3 assigned items to his task,Note and assigned action items in one request (api.task_add_meeting); owners told,§3.7,hard rule (not editable),none — P5-1 not built,Unbuilt,
WRK-060,Meetings,Meeting note on an organisation,Member,Omar adds a meeting note dated last week to Najd Mining mentioning Layla,Kept with its day on the timeline; Layla and the owner are not told (past-dated),V150; V400,hard rule (not editable),"v2/supabase/tests/notes/NOTE-01-a-note-lands-on-the-timeline-and-tells-those-it-mentions-once.sql: 'a note dated in the past tells nobody — the person it mentions, the owner (V400)'",Covered,
WRK-061,Projects,Health chip,Member,Omar (owner) sets his project At risk without the one-line update,Refused; with a line the latest row is the chip (On track · At risk · Off track),V401; §3.7 work.project_health,hard rule (not editable),none — P5-1/P5-3 not built,Unbuilt,
WRK-062,Projects,Health chip,Member,"Layla (Own on Projects, not the owner) updates Omar's project health",Refused (Own = your own); Sara with Full may,§5; §8,Settings → Organization & access → Access (matrix / person override),none — P5-1 not built,Unbuilt,
WRK-063,Projects,No update,System,A project has no health update for 14 days,"One reminder to its owner (alert_project_no_update), judged on happened_on",V401; §3.7,Settings → Work → project update days (not yet declared),none — P5-1 not built,Unbuilt,
WRK-064,Projects,Milestones,Manager,Sara wants dated milestones on a project,"Not in the docs (only health, one-line update, dates, invoices, tasks)",§3.7 (silent),—,none,Open question,Rule milestones (e.g. a dated checklist on the project) or record them as out of v1.
WRK-065,Pipeline,Partnership stages,Member,Omar creates an opportunity for Sadu Tech,"Starts at Contacted; stages Contacted → Demo → Proposal (optional) → Signed → Onboarded, and Lost; names editable, meanings locked",V99; §3.7a,Settings → (Pipeline stages; group not named in §6),none — P5-8 not built,Unbuilt,
WRK-066,Pipeline,Client stages,Manager,Sara tracks corporate clients (side client) through the same funnel,Not decided whether client opportunities share the partnership board and stages or get their own board,V99; §3.7a (opportunity.side),—,none,Open question,"Rule one board with side client|supplier_partner, or a separate corporate-client board."
WRK-067,Pipeline,Source,Member,Omar saves a new card with no Source,Refused; a Source from the admin list is required,V99,Settings → Clients and Suppliers & partners → Sources,none — P5-8 not built,Unbuilt,
WRK-068,Pipeline,Proposal optional,Member,Omar drags Contacted → Signed,Demo recorded as passed on the same date; Proposal never recorded; signed_on set,V99; §3.7a,hard rule (not editable),none — P5-8/P5-9 not built,Unbuilt,
WRK-069,Pipeline,Backwards,Member,Omar drags a Signed card back to Demo,"Not decided (history, signed_on, the onboarding offer)",§3.7a (silent),—,none,Open question,Rule backward moves (allowed with a reason; signed_on kept or cleared).
WRK-070,Pipeline,Signed,Member,A card reaches Signed,signed_on recorded; offers Log achievement and the Corporate onboarding checklist (a person presses),V89; V99; §3.7a,hard rule (not editable),none — P5-8 not built,Unbuilt,
WRK-071,Pipeline,Onboarded,Member,Dune Foods' card (Client side off) reaches Onboarded,Client side switched on and set Active from that date in the same request; one Undo reverts all,V99; §3.7a,hard rule (not editable),none — P5-8 not built (PIPE-*),Unbuilt,
WRK-072,Pipeline,Handed to Product,Member,Sadu Tech's integration card is handed to Product,"No ""Handed to Product"" stage exists in V99; only the integration achievement needs the Direct ticket number (V407)",V99; V407,—,none,Open question,"Rule a locked ""handed to Product"" meaning for integration cards needing a ticket, or confirm the achievement alone carries it."
WRK-073,Pipeline,Integration achievement,Member,Omar logs a Technical integration achievement without the ticket number,Refused; with it saved; counts at handover; its later go-live date never counts again,V407; V99,hard rule (not editable),none — P5-4 not built,Unbuilt,
WRK-074,Pipeline,Lost,Member,Omar moves a card to Lost without a reason,Refused; reason from the lost-reason list,V80; §3.7a,Settings → (Pipeline lost reasons),none — P5-8 not built,Unbuilt,
WRK-075,Pipeline,Dates,Member,"Omar moves a stage dated tomorrow, then one dated last week",Tomorrow refused; last week kept as happened_on with no notice,V400; §3.7a,hard rule (not editable),none — P5-8 not built,Unbuilt,
WRK-076,Pipeline,Others' cards,Member,Omar (Own on Pipeline) drags Layla's card,Refused (Own = your own); Sara (Full) may,§5; §8,Settings → Organization & access → Access (matrix / person override),none — P5-8 not built,Unbuilt,
WRK-077,Pipeline,Viewer,Viewer,Huda drags a card,Board read-only; the server refuses,§8,Settings → Organization & access → Access (matrix / person override),none — P5-9 not built,Unbuilt,
WRK-078,Clients & Suppliers,Create,Member,"Omar creates Crescent Stay Hotels on the Supplier & partner side, himself owner, then tries naming Layla owner","Numbered from partner.id_format; organisation, side and owner in one request; naming someone else needs the side's assign capability",V98; V146; V149,Settings → Clients and Suppliers & partners → ID format; side types,v2/supabase/tests/partner/PRT-01-an-organisation-is-one-record-with-its-sides.sql: 'a new organisation is numbered from partner.id_format'; 'making someone else the owner needs clients.assign',Covered,
WRK-079,Clients & Suppliers,Create,Viewer,Huda tries to add an organisation,Refused (View on Clients),V134; §8,Settings → Organization & access → Access (matrix / person override),v2/supabase/tests/partner/PRT-01-an-organisation-is-one-record-with-its-sides.sql: 'View on Clients cannot add an organisation',Covered,
WRK-080,Clients & Suppliers,Two sides,Member,"Omar switches the Client side on for the supplier without a type, then with one","Without: partner.side_type_required; with: both sides on, each with its own type and status",V98; §3.4,Settings → Clients and Suppliers & partners → side types,"v2/supabase/tests/partner/PRT-01-an-organisation-is-one-record-with-its-sides.sql: 'a side needs its type'; 'an organisation has both sides on, each with its own type'",Covered,
WRK-081,Clients & Suppliers,Two sides,Member,"Omar switches off the only side, then one of two","Last side refused (partner.last_side); one of two ends and keeps everything, and comes back as it was",V146,hard rule (not editable),v2/supabase/tests/partner/PRT-01-an-organisation-is-one-record-with-its-sides.sql: 'the last side stays on'; 'and is switched on again as it was',Covered,
WRK-082,Clients & Suppliers,Side types,Admin,The Supplier & partner types should be the owner's seven,"Seed still holds V148's five (Supplier, Strategic partner, Sales channel, Integration, Payment solution)",V448; V148,Settings → Clients and Suppliers & partners → side types,none — P3-8c not built,Unbuilt,
WRK-083,Clients & Suppliers,Status,Member,"Omar (Client side owner) sets At risk without a reason, then with one",Refused (partner.status_reason_required); then saved with a reason of that status and its effective date,V62; V134; V147,Settings → Clients and Suppliers & partners → status reasons,v2/supabase/tests/partner/PST-01-status-has-a-history-and-a-reason.sql: 'at risk needs a reason'; 'a reason from the list of that status',Covered,
WRK-084,Clients & Suppliers,Status,Member,"Layla (not the owner, no assign) sets the status; then Sara (clients.assign) sets Lost with a reason",Layla refused (access.needs_capability); Sara allowed,V147,Settings → Organization & access → Access (matrix / person override) (clients.assign),v2/supabase/tests/partner/PST-01-status-has-a-history-and-a-reason.sql: 'a member who does not own the side cannot set its status'; 'clients.assign sets it too',Covered,
WRK-085,Clients & Suppliers,Status history,Any,Read the status as of an earlier date; try to rewrite a past change; add one dated next week,Latest change on or before the day; never rewritten; a future change waits for its day,V62; V134,hard rule (not editable),"v2/supabase/tests/partner/PST-01-status-has-a-history-and-a-reason.sql: 'and on an earlier day, the one then'; 'a status change is never rewritten'; 'a dated change waits for its day'",Covered,
WRK-086,Clients & Suppliers,Status past-dated,Member,Omar sets At risk effective three weeks ago,"Owners and followers are still told today: the status door does not date the request, and V400's list does not name status changes",V400; §3.4,—,none,Open question,Rule whether a past effective date silences notices (call audit.happened) and test it.
WRK-087,Clients & Suppliers,Supplier statuses,Member,"Omar sets On hold (with reason) on the Supplier & partner side, then At risk there",On hold and Ended need a reason; At risk and Lost are the Client side's only,V450; §3.4,Settings → Clients and Suppliers & partners → statuses,"none — P3-8c not built (the check allows prospect, active, at_risk, lost on both sides)",Unbuilt,
WRK-088,Clients & Suppliers,Status lists,Admin,"Faisal renames ""Ended"" or adds a status","V450 calls statuses admin-editable, but a status is a fixed value in code",V450; §3.4 side_status_change,—,none,Open question,"Make statuses a list with locked meanings (names editable), like task statuses."
WRK-089,Clients & Suppliers,Row chip,Any,Dune Foods is At risk as a client and On hold as a supplier,"""The row chip shows the worse one"" — no order exists across the two sides' statuses",§3.4,—,none,Open question,Rank both sides' statuses in one order for the chip.
WRK-090,Clients & Suppliers,Owners per side,Head of department,Khalid makes Sara the Client side's owner from today,The previous owner's time ends that day and Sara's starts; one Undo,V26; V136; V149,manual: owner on the record,"v2/supabase/tests/partner/PROS-01-bulk-assign-is-one-request-and-one-undo.sql: 's row, from today, is replaced by the new one'",Covered,
WRK-091,Clients & Suppliers,Owner with revenue,Manager,Sara changes the Client owner of a client that has revenue,Only the head and admins may where revenue exists; today any holder of clients.assign can,V26; V27; V63,Settings → Organization & access → Access (matrix / person override),none — P4-2 not built (deferred in partner.side_owner_set_inner),Unbuilt,
WRK-092,Clients & Suppliers,Owner picker,Manager,"Sara names Nora (switched off, or left_on in the past) as a side's owner",The server accepts any active staff person (switch-off keeps active on; left_on is not checked); only pickers hide leavers,V132 api.org; V149,—,none,Open question,"Rule that owners, helpers and mentions refuse switched-off or left people server-side, with a test."
WRK-093,Clients & Suppliers,Owner leaves,System,"Omar, owner of 30 clients, is switched off",His stale and contract alerts reach nobody (he may not sign in); nothing moves his organisations,V129; V132,manual: bulk assign,none,Open question,Same leaver-reassign rule as tasks; tell the head about sides with no reachable owner.
WRK-094,Clients & Suppliers,No access to a side,No access,"Hamad (Clients none, Suppliers & partners Full) opens a two-sided organisation","Reads and changes the Supplier & partner side only; not the Client side, its history or client IDs; cannot name its owner",V147; V98,Settings → Organization & access → Access (matrix / person override) (clients = none),v2/supabase/tests/partner/SIDE-01-each-side-has-its-own-records-access-and-powers.sql: 'a person shut out of Clients does not see the Client side'; 'nor changes the Client side'; 'nor names its owner',Covered,
WRK-095,Clients & Suppliers,No access to a side,No access,Hamad searches (Ctrl K) and opens the Clients list,"Finds no client, finds suppliers; the Clients list is refused",V149; V147,Settings → Organization & access → Access (matrix / person override),"v2/supabase/tests/partner/SRCH-01-search-list-and-hover-find-partners-for-those-who-may.sql: 'a person shut out of Clients finds no client, but finds a supplier'; 'nor opens the Clients list'",Covered,
WRK-096,Clients & Suppliers,Identifiers,Member,Omar adds a VAT number,Refused without clients.identify,V26; V147,Settings → Organization & access → Access (matrix / person override) (clients.identify),v2/supabase/tests/partner/IDN-02-identifiers-need-partners-identify-and-respect-the-block-list.sql: 'a member without clients.identify cannot add an identifier',Covered,
WRK-097,Clients & Suppliers,Identifiers,Manager,"Sara adds a client ID to a supplier-only organisation, then a VAT number",Client ID refused (partner.client_side_only); VAT accepted (shared),V98; V146,hard rule (not editable),v2/supabase/tests/partner/SIDE-01-each-side-has-its-own-records-access-and-powers.sql: 'a client ID needs the Client side'; 'a VAT number is shared by both sides',Covered,
WRK-098,Clients & Suppliers,Identifiers,Manager,"Sara adds a value another organisation holds, or a staff-domain email",Refused: identifier.held naming the holder; the block list's reason,V133; V32,Settings → Clients and Suppliers & partners → identifier block list,v2/supabase/tests/partner/IDN-01-a-value-is-held-by-one-partner-at-a-time.sql; v2/supabase/tests/partner/IDN-02-identifiers-need-partners-identify-and-respect-the-block-list.sql: 'an email of a blocked domain is refused',Covered,
WRK-099,Clients & Suppliers,Client ID lifecycle,Manager,Sara closes a prepaid client ID and adds a second open prepaid ID,The closed ID keeps its past rows; a second open prepaid is refused; tender IDs unlimited,V411; V422; V434,Settings → Clients and Suppliers & partners → partner.open_client_ids,none — P3-8c not built,Unbuilt,
WRK-100,Clients & Suppliers,Codes,Manager,Sara adds a second live discount code to Najd Mining,"Refused unless ""a second is meant"" with assign; a code is live on one holder at a time",V65; V135,Settings → Clients and Suppliers & partners → one code per partner,v2/supabase/tests/partner/CODE-01-a-code-is-live-on-one-holder-at-a-time.sql,Covered,
WRK-101,Clients & Suppliers,Credit,Head of department,Khalid records a refused credit as 0 with approver and reason,"Shown as ""Prepaid only""; history kept; approver and reason required",V70; V92,Settings → Organization & access → Access (matrix / person override) (finance.credit_control),v2/supabase/tests/partner/CRL-01-a-credit-limit-has-its-approver-and-history.sql: 'a limit of 0 is Prepaid only'; 'the approver is required',Covered,
WRK-102,Clients & Suppliers,Credit,Member,Omar sets a credit limit; Omar (no Finance view) opens the card,Refused (needs finance.credit_control); limits hidden from him on the card,V70; V136,Settings → Organization & access → Access (matrix / person override),v2/supabase/tests/partner/CRL-01-a-credit-limit-has-its-approver-and-history.sql: 'a member without credit control cannot set a limit'; 'a person without Finance does not see credit limits on the card',Covered,
WRK-103,Clients & Suppliers,Credit on merge,Head of department,Khalid merges an organisation that holds a credit limit,"Not decided: merge moves identifiers, contacts, contracts, notes, files and references; credit limits stay on the archived one",V136; V154,—,none,Open question,Rule whether credit history moves on merge.
WRK-104,Clients & Suppliers,Contacts,Member,"Omar adds a contact with role Travel manager, then a second primary contact",Saved with role and sides; a second primary refused (contact.one_primary),V401; V148,Settings → Clients and Suppliers & partners → contact roles,v2/supabase/tests/partner/SIDE-01-each-side-has-its-own-records-access-and-powers.sql: 'a contact carries a role and sides'; v2/supabase/tests/removal/DEL-01-a-removed-record-is-restored-within-the-window-by-those-who-may.sql: 'one primary contact',Covered,
WRK-105,Clients & Suppliers,Contact authority,Member,"A contact with authority ""signs"" passes its re-confirm date",Re-confirm chip; the side's owner is reminded by the alerts job,V436,Settings → Clients and Suppliers & partners → contact authority; role interval,none — P3-8c not built,Unbuilt,
WRK-106,Clients & Suppliers,Contact sides,No access,Hamad (supplier side only) opens a contact tagged Client side only,"Not decided: contacts are shared, so the sides tag hides nothing and he can edit it",V98; V148,—,none,Open question,Rule whether a contact's sides limit who sees and edits it.
WRK-107,Clients & Suppliers,Contracts,Member,Omar adds a Client-side contract ending in 30 days,"Status ""Expires in 30 days"" (computed at every boundary); the supplier desk sees none of it",V56; V153,Settings → Clients and Suppliers & partners → contract reminders; expiring from days,v2/supabase/tests/partner/CTR-01-a-contract-status-is-computed-from-its-dates-at-every-boundary.sql; v2/supabase/tests/partner/CTR-03-each-side-has-its-own-contracts.sql: 'the client desk sees only the Client side',Covered,
WRK-108,Clients & Suppliers,Contract alert,System,"A contract reaches a reminder day (60 · 30 · 7, or its own)","Side owner, followers and (by setting) the commercial manager told once that day; none when its switch or its side is off",V56; V153,Settings → Clients and Suppliers & partners → partner.contract_notify,v2/supabase/tests/partner/CTR-02-a-contract-expiring-alert-fires-once-on-each-reminder-day.sql,Covered,
WRK-109,Clients & Suppliers,Contract alert,No access,Hamad (supplier side only) follows the organisation; its Client-side contract reaches 30 days,He must not be told; today alert_contract_expiring sends to every follower of the organisation and generate_alerts checks no visibility,V143; V153,hard rule (not editable),none (CTR-03 checks the owners only),Gap,Filter the alert's followers by partner.sees_side (and generate_alerts by authz.can_see_as); add a CTR test.
WRK-110,Clients & Suppliers,Renewal task,System,A contract's first reminder fires,"One renewal task for the account manager, due the end date, linked to the contract",V56; §3.4,Settings → Clients and Suppliers & partners → partner.contract_renewal_task (not yet declared),none — P5-1 not built,Unbuilt,
WRK-111,Clients & Suppliers,Files,Member,Omar uploads an agreement (restricted by its kind),"Seen by him and by holders of files.restricted (heads, managers); other members see it nowhere, Storage included",D10; V152,Settings → Organization & access → Access (matrix / person override) (files.restricted),"v2/supabase/tests/files/FILE-03-a-file-is-seen-only-by-those-who-may-see-it.sql: 'a team member sees the plain file and the logo — not the restricted one, nor another'",Covered,
WRK-112,Clients & Suppliers,Files,Member,Omar uploads an agreement and picks sensitivity normal,Accepted: the uploader can override the kind's restricted default,D10; V152,—,none,Open question,"Rule whether an agreement may be downgraded to normal, and by whom."
WRK-113,Clients & Suppliers,Files,Member,Omar uploads a travel policy without a review date,Refused; with a date the review alert fires once on the day to the uploader and the Client side's owner,V401; V152,Settings → Clients and Suppliers & partners → file kinds,v2/supabase/tests/files/FILE-05-a-sides-files-go-with-that-side-and-a-travel-policy-with-its-review-date.sql: 'a travel policy needs its review date'; 'on its review day…',Covered,
WRK-114,Clients & Suppliers,Notes,Viewer,Huda reads the timeline and tries to add a note,Reads newest day first; adding refused,V150,Settings → Organization & access → Access (matrix / person override),v2/supabase/tests/notes/NOTE-01-a-note-lands-on-the-timeline-and-tells-those-it-mentions-once.sql: 'a viewer reads the timeline'; 'but adds no note',Covered,
WRK-115,Clients & Suppliers,Notes,Member,Layla edits Omar's note; Sara (Full) removes it; Omar undoes,Layla refused (note.not_yours); Sara removes it; Undo brings it back,V150,hard rule (not editable),v2/supabase/tests/notes/NOTE-01-a-note-lands-on-the-timeline-and-tells-those-it-mentions-once.sql: 'only its author edits a note'; 'Full on the record removes it'; 'and Undo brings it back',Covered,
WRK-116,Clients & Suppliers,Log activity,Member,"Omar logs a call without an outcome, then with ""demo held""",Both refused: a call needs its outcome; an outcome of another type is impossible,V63; V401; V150,Settings → Clients and Suppliers & partners → activity types and outcomes,v2/supabase/tests/notes/ACT-01-log-activity-puts-the-activity-and-its-next-step-on-the-organisation.sql: 'a call needs its outcome'; 'an outcome of another type is refused',Covered,
WRK-117,Clients & Suppliers,Log activity,Member,"Omar logs ""demo set"" with no demo day; a next step without a day, or before the activity","All refused (partner.demo_day_required, note.next_step_day_required, note.next_step_before_it)",V406; V150,hard rule (not editable),"v2/supabase/tests/notes/ACT-01-log-activity-puts-the-activity-and-its-next-step-on-the-organisation.sql: 'with it, the demo'; 'a next step has its day'; 'its next step never comes before it'",Covered,
WRK-118,Clients & Suppliers,Log activity,Viewer,Huda logs a call; Hamad (no Clients) logs one on a client-only organisation; anyone logs one on an archived organisation,Refused (access.needs_level; partner.archived),V150; V147,Settings → Organization & access → Access (matrix / person override),v2/supabase/tests/notes/ACT-01-log-activity-puts-the-activity-and-its-next-step-on-the-organisation.sql: 'a viewer logs nothing'; 'nor does a person who cannot see the Client side'; 'an archived organisation takes no activity',Covered,
WRK-119,Clients & Suppliers,Log activity,Member,"Omar logs a call dated tomorrow, then one dated last week mentioning Layla","Tomorrow refused; last week kept with its day, telling nobody",V400; V142,hard rule (not editable),v2/supabase/tests/notes/ACT-01-log-activity-puts-the-activity-and-its-next-step-on-the-organisation.sql: 'an activity never happens after the day it is logged'; 'an activity dated in the past tells nobody…',Covered,
WRK-120,Clients & Suppliers,Demos counted,System,Omar logs 2 demo set and 1 demo held this week,partner.demos counts per person per week for the appraisal,V88; §3.4,hard rule (not editable),none — P5-1 not built (CALL-*),Unbuilt,
WRK-121,Clients & Suppliers,Stale,System,No activity for 21 days and no open next step,Stale flag on card and list; owners of live sides told once that day; an open next step keeps it fresh; Lost never stale,V151; V401,Settings → Clients and Suppliers & partners → stale after days,v2/supabase/tests/partner/STALE-01-an-organisation-goes-stale-without-activity-or-an-open-next-step.sql,Covered,
WRK-122,Clients & Suppliers,Stale backdated,Member,Omar logs an activity today dated 1 April,"Counts on the day it happened, so it does not make the organisation fresh",V151; V400,hard rule (not editable),v2/supabase/tests/partner/STALE-01-an-organisation-goes-stale-without-activity-or-an-open-next-step.sql: 'an activity logged today but dated 1 April does not make it fresh…',Covered,
WRK-123,Clients & Suppliers,Stale and Ended,System,A Supplier & partner side is Ended with no activity,V151 exempts only Lost; Ended and On hold are not decided,V151; V450,—,none,Open question,Rule that Ended (and maybe On hold) sides never go stale.
WRK-124,Clients & Suppliers,Missed alert,System,The alerts job fails on the day an organisation goes stale,"Alerts fire only on the exact day, so the notice is never sent; the failure is only a log warning",V130; V151; OA13,—,"v2/supabase/tests/notify/ALR-01-an-alert-fires-once-per-person-key-and-day.sql: 'the first run makes three alerts, though one kind failed'",Open question,Rule catch-up (fire on the first run on or after the day) and show failed kinds to admins.
WRK-125,Clients & Suppliers,Quiet client,System,A client has no Fully Paid invoice for 60 days,Quiet chip; alert_quiet_client to the account manager,V401; §3.4,Settings → Finance → finance.quiet_client_days,none — P4-2 not built,Unbuilt,
WRK-126,Clients & Suppliers,Bulk assign,Manager,Sara assigns 20 prospects to Omar with priority High,"One request, one Undo; a side with no status becomes Prospect; one with a status keeps it",V63; V136,Settings → Organization & access → Access (matrix / person override) (clients.assign),v2/supabase/tests/partner/PROS-01-bulk-assign-is-one-request-and-one-undo.sql: 'a side with no status becomes a Prospect'; 'all in one request'; 'one Undo reverts the priorities',Covered,
WRK-127,Clients & Suppliers,Bulk assign,Manager,The selection includes one organisation without the Client side,The whole selection is refused; nothing changes,V130; V149,hard rule (not editable),v2/supabase/tests/partner/PROS-01-bulk-assign-is-one-request-and-one-undo.sql: 'an organisation without the Client side on is refused'; 'and nothing changes',Covered,
WRK-128,Clients & Suppliers,Bulk assign,Member,Omar tries a bulk assign,Refused (access.needs_capability),V63; §8,Settings → Organization & access → Access (matrix / person override),v2/supabase/tests/partner/PROS-01-bulk-assign-is-one-request-and-one-undo.sql: 'a member without clients.assign cannot assign',Covered,
WRK-129,Clients & Suppliers,Role change,Manager,Sara's clients.assign is removed mid-session; she bulk-assigns again,Refused on the next call: capabilities are read on every call,V125,Settings → Organization & access → Access (matrix / person override) (person override),v2/supabase/tests/access/ACC-02-a-capability-is-the-admin-the-override-or-the-role-default-else-no.sql; v2/supabase/tests/partner/PROS-01-bulk-assign-is-one-request-and-one-undo.sql,Covered,
WRK-130,Clients & Suppliers,Assign notice,Member,Omar becomes owner of 20 organisations by bulk assign,"He is told as ""changed by someone else"", not in Assigned to me; the previous owner is not told",V129; §3.3,—,none,Open question,Rule whether side-owner changes push 'assigned' to the new owner and a notice to the old one.
WRK-131,Clients & Suppliers,Hover cards,Any,Hover an organisation's name,"Few facts, the owner's current name, sides as chips with type and status",V53; V149,Settings → (record.header_figures),v2/supabase/tests/partner/SRCH-01-search-list-and-hover-find-partners-for-those-who-may.sql: 'a hover card names the owner'; 'and shows the sides as chips',Covered,
WRK-132,Clients & Suppliers,Merge,Head of department,Khalid merges Dune Foods Co into Dune Foods,"Identifiers (names become aliases), missing sides, contacts, contracts, notes, files and references move; the merged one archived pointing at the kept; one Undo",V136; V154,Settings → Organization & access → Access (matrix / person override) (clients.merge),v2/supabase/tests/partner/MRG-01-a-merge-moves-everything-and-undoes-at-once.sql; v2/supabase/tests/partner/MRG-02-a-merge-moves-the-timeline-files-contracts-and-references-too.sql,Covered,
WRK-133,Clients & Suppliers,Merge,Manager,Sara (no merge capability) merges two organisations,Refused (access.needs_capability),V26; V147,Settings → Organization & access → Access (matrix / person override),v2/supabase/tests/partner/MRG-01-a-merge-moves-everything-and-undoes-at-once.sql: 'merging needs clients.merge',Covered,
WRK-134,Clients & Suppliers,Merge,Head of department,Khalid merges an organisation into itself,Refused (partner.merge_itself),V136,hard rule (not editable),none (code only),Partly,Add a MRG case for merging an organisation into itself.
WRK-135,Clients & Suppliers,Duplicates,Member,"Omar creates an organisation whose name another holds, in another spelling","Refused, naming the holder",V134; V77,hard rule (not editable),v2/supabase/tests/partner/NAME-01-the-four-names-are-identifiers-and-follow-a-rename.sql,Covered,
WRK-136,Clients & Suppliers,Arabic search,Any,"Search a client typed with ه for ة, or a phone with 00966",Found by folding,V133; §9.3 NORM,hard rule (not editable),v2/supabase/tests/partner/SRCH-01-search-list-and-hover-find-partners-for-those-who-may.sql: 'an Arabic name typed with ه for ة finds it'; 'a phone with 00966 finds it',Covered,
WRK-137,Clients & Suppliers,Conflict,Member,Omar saves a card from a stale screen after Layla changed the same field,"Refused (common.conflict) naming the field, who and when",A14; V127,hard rule (not editable),v2/supabase/tests/partner/PRT-01-an-organisation-is-one-record-with-its-sides.sql: 'a change from a stale screen is refused',Covered,
WRK-138,Clients & Suppliers,Screens,Any,"The Clients and Suppliers & partners lists, record page, bulk bar and Log activity on row and hover card",Built to V95 and V98 with the E2E of P3-9,V98; V95; P3-9,—,none — P3-9 not built (placeholder page only),Unbuilt,
WRK-139,Clients & Suppliers,Admin account,Admin account,Owner pickers and lists offer the owner's admin account,Never listed and never an owner,V444,hard rule (not editable),none — P3-8c not built,Unbuilt,
WRK-140,Clients & Suppliers,Test account,Test account,The test account owns 5 organisations when it is removed before go-live,Not decided what happens to its ownerships,V445; P6-8,—,none,Open question,Add reassign-or-remove of the test account's records to P6-8's checklist.
WRK-141,Clients & Suppliers,View as,Admin using View as,Faisal views as Hamad (supplier side only) and opens a client,Sees exactly what Hamad sees (no Client side); every write refused,V442; V147,Settings → App → auth.view_as_enabled,none — P3-15/P3-16 not built,Unbuilt,
WRK-142,Clients & Suppliers,Not on the list,Not on the list,An email that is not allowed tries to open /partners,Sign-in refused and logged; no page content drawn,V2; V109; V208,Settings → Organization & access → People (allowed emails),v2/tests/e2e/password.spec.ts '…an unlisted email and a wrong password are refused in words'; v2/tests/e2e/no-content-is-drawn-before-me-is-known.spec.ts,Covered,
WRK-143,Clients & Suppliers,Recently deleted,Member,Omar removes a contact and restores it 5 days later,Restored; never over a live duplicate; after 30 days refused,V141,Settings → App → audit.recently_deleted_days,v2/supabase/tests/removal/DEL-01-a-removed-record-is-restored-within-the-window-by-those-who-may.sql,Covered,
WRK-144,Notifications,Mention,Member,"Omar mentions Layla on Najd Mining's timeline, then Hamad who cannot see it",Layla told once; mentioning Hamad refused (note.mention_cannot_see),V150; V143,Settings → App → notify.kinds_enabled,v2/supabase/tests/notes/NOTE-01-a-note-lands-on-the-timeline-and-tells-those-it-mentions-once.sql: 'the person mentioned … is told once'; 'nobody is mentioned where they cannot look',Covered,
WRK-145,Notifications,Mention,Switched-off / left person,Omar mentions Nora (switched off),"Refused as note.mention_cannot_see (level none), not with a leaver's reason; if she still owns the record it is accepted and she is never told",V125; V150,hard rule (not editable),none,Partly,Add a NOTE case for a switched-off person and word the refusal as switched off.
WRK-146,Notifications,Owners and followers,Member,"Layla changes Najd Mining (Omar owner, Sara following)",Omar told (changed_by_other) before Sara (followed_change); Layla never; one per person per request,V129,My profile → notification choices,v2/supabase/tests/notify/NTF-01-owners-and-followers-are-told-of-a-change-by-someone-else.sql,Covered,
WRK-147,Notifications,Past-dated,Any,"Any entry dated before today (note, activity, request)","Tells nobody, mentions included",V400; V142,hard rule (not editable),v2/supabase/tests/dates/DATE-01-work-carries-the-day-it-happened-and-past-work-tells-nobody.sql: 'past-dated work tells nobody'; 'a mention in past-dated work tells nobody',Covered,
WRK-148,Notifications,System writes,System,A job or the registry sync changes records,Tells nobody (alerts excepted),V129,hard rule (not editable),v2/supabase/tests/notify/NTF-01-owners-and-followers-are-told-of-a-change-by-someone-else.sql: 'what the system wrote told nobody',Covered,
WRK-149,Notifications,Turned off,Member,Omar turns a kind off in My profile; the admin turns it off for his department,Neither reaches him,V129,My profile; Settings → App → notify.kinds_enabled,v2/supabase/tests/notify/NTF-01-owners-and-followers-are-told-of-a-change-by-someone-else.sql: 'a kind a person turned off in My profile does not reach them',Covered,
WRK-150,Notifications,Switched off,Switched-off / left person,Nora may no longer sign in,She is told nothing,V129,Settings → Organization & access → People (switch),v2/supabase/tests/notify/NTF-01-owners-and-followers-are-told-of-a-change-by-someone-else.sql: 'a person who may not sign in is not told',Covered,
WRK-151,Notifications,Bell,Member,"Omar snoozes one until tomorrow, one 40 days, then Mark all read",Snoozed hidden then back unread; beyond 30 days refused; Mark all read marks only what shows,V129,hard rule (not editable),v2/supabase/tests/notify/NTF-02-the-bell-is-mine-newest-first-read-and-snoozed.sql,Covered,
WRK-152,Notifications,Bell screen,Any,"Omar opens the bell: All · Mentions · Assigned to me, by day","Tabs, grouping, snooze and each item a link",V61; §3.3,—,none — P3-7 not built (TopBar shows no count yet),Unbuilt,
WRK-153,Notifications,Alerts once,System,The alerts job runs twice the same day,Nothing new the second time; the next day fires again,V130,hard rule (not editable),v2/supabase/tests/notify/ALR-01-an-alert-fires-once-per-person-key-and-day.sql: 'a second run the same day makes nothing new',Covered,
WRK-154,Notifications,Work notices,Manager,"Task assigned, helper added, escalated, project without update, note mention, reminder",Each kind reaches its person once (assigned and helper_added in Assigned to me),V129; V401; V433,Settings → App → notify.kinds_enabled,none — P3-13/P5-1 not built,Unbuilt,
WRK-155,Notifications,View as,Admin using View as,Faisal opens the bell and My day while viewing as Omar,"Not decided: marking read and ""last seen"" are writes, which View as refuses",V442; V426 OA16,—,none,Open question,Rule that View as skips the viewed person's bookkeeping writes silently (never marks read).
PRF-001,KPIs,"Drawer → KPIs, Finance, Reports, Appraisal, Overview",Any,"Given the role starting levels, when each role signs in",Drawer shows a page only above none: Member has no Overview; Viewer no Appraisal; Settings only for admins,§8; V125; V209,Settings → Organization & access → role levels / person override,shell.spec.ts 'the drawer comes from the registry: a team member sees no Settings and no page at level none'; REG-01; ACC-01,Covered,
PRF-002,KPIs,"/kpis, /finance, /reports, /appraisal, /overview by address",No access,Omar is on the list but his level on Finance is none; he types /finance in the address bar,No-access state in words; nothing of the page drawn (as Settings does),"§5 (No access = page hidden, reads refused); V210; OA18",Settings → Organization & access → role levels / person override,"None: placeholder pages call Page() which checks only sign-in, and draw an empty state",Gap,Make Page() take the page key and refuse below View with the no-access state; E2E per page
PRF-003,KPIs,KPIs → list (year chooser),Viewer,Salma (Viewer) opens KPIs for 2026,"Sees every KPI by objective: code, title, Responsible, YTD, target, pace, Q1–Q4; no Add reading, Log achievement or target controls",§6 KPIs; §8 Viewer View; V96,Settings → Organization & access → role levels / person override,"None — planned KPI-* (P5-4), P5-6 E2E",Unbuilt,
PRF-004,KPIs,Settings → Plan & performance → KPI revision (type),Admin,"Admin creates K-12 of type tracked (tracked-only, no target) and K-13 of type checklist","Tracked shows month/quarter figures, status Not measured, never Behind and no behind alert; checklist records passed per period",§3.8 kpi_rev.type; KPI values rule 5; V39; V99,Settings → Plan & performance → KPIs,None — KPI-* (P5-4); plan editor P5-5,Unbuilt,
PRF-005,KPIs,KPI record → Add reading (manual KPI),Member,Omar is Responsible for manual K-07; on 28 Sep he adds the September reading 42,Saved with happened_on 28 Sep and logged_at; counts in Sep and Q3; in the KPI history; undoable,V93; V400; §3.8 kpi_reading,manual: add or correct a reading on the KPI page,None — KRD-* (P5-4),Unbuilt,
PRF-006,KPIs,KPI record → Add reading,Member,"Nour (Member, not Responsible for K-07) tries to add a reading",Refused 42501 naming KPIs and the lead rule; control hidden; a manager with Full on KPIs may add it; a Viewer never,V93; §5 (KPI reading yours when a lead),Settings → Plan & performance → KPI leads (make Nour Responsible),None — KRD-* (P5-4),Unbuilt,
PRF-007,KPIs,KPI record / tile,Any,Manual K-07 has no reading for October,"Shows ""—, not measured"" (measured = false), never 0; the quarter average counts measured months only and says how many","§3.8 KPI values rules 3 and 6 (M39, M60)",hard rule (not editable),KpiTile draws null as — in the kit only; KPI-* (P5-4),Unbuilt,
PRF-008,KPIs,Alerts job → KPI check-in,System,"On the 15th at 06:00 Riyadh, Omar leads manual K-07 with no September reading; Nour leads K-08 and typed one on 3 Sep",Omar gets one alert_kpi_checkin that day (a second run adds nothing); Nour gets none,V93; §3.3 alerts; V130,"Settings → Plan & performance → check-in day (perf.kpi_checkin_day, 15)","ALR-01 (framework: once per person, key and day); the check-in kind — KRD-* (P5-4)",Unbuilt,
PRF-009,KPIs,Alerts job → KPI check-in,Switched-off / left person,The only Responsible of K-09 is switched off on 10 Sep; the 15th arrives with no reading,"Nobody is told: V129 tells only people who may sign in, and no rule names a fallback",V93; V129,Settings → Plan & performance → KPI leads (replace the lead),NTF-01 (a switched-off person is told nothing — generic),Open question,Rule a fallback (e.g. the department head) when a KPI has no active Responsible
PRF-010,KPIs,Settings → Plan & performance → check-in day,Admin,Admin sets the check-in day to 31; September and February have fewer days,Not decided: the alert may never fire in short months,V93,Settings → Plan & performance → perf.kpi_checkin_day,None,Open question,Limit the setting to 1–28 or fire on the month's last day when shorter
PRF-011,KPIs,KPI record → Add reading (period),Member,"Omar types September's reading on 3 Oct: period_start = Sep, happened_on = 3 Oct","Not decided: §3.8 keeps period_start while V400 says happened_on decides the period, so it could land in October",§3.8 kpi_reading; V400,manual: edit the reading,None,Open question,"Rule that period_start decides a reading's period (happened_on only dates the entry), or drop period_start"
PRF-012,KPIs,KPI record → checklist (operational plan),Member,"Omar, Responsible for checklist indicator OP-3, marks it passed for Q3; OP-4 stays unpassed",Quarterly report shows OP-3 Done and OP-4 Carried over into Q4,V39; §3.9 operational_plan section,manual: reading passed on the KPI page,"None — KPI-* (P5-4), RPT-* (P6-1)",Unbuilt,
PRF-013,KPIs,KPI record → Responsible and contributors; My day → My KPIs,Member,K-B2B has Responsible Omar and contributors = the whole department,Shown on My day for Omar and every contributor with pace; neither makes it a personal target,BLUEPRINT §3; §6 My day; V405,Settings → Plan & performance → KPI leads and contributors,"None — P5-4, P5-7",Unbuilt,
PRF-014,KPIs,Responsible / contributor pickers,Admin account,Admin opens the Responsible picker for K-07,The owner's admin account and the test account are never listed (not team members),V444; V445; §3.1 core.is_team_member,hard rule (not editable),None: core.person.kind allows only staff/system; is_team_member not built (P3-8c),Unbuilt,
PRF-015,KPIs,KPI record → pace light,Any,"Bands at default; K-REV ratio 0.90, 0.899, 0.70 and 0.699 on four test days",On track at 0.90; At risk at 0.899 and 0.70; Behind at 0.699; Exceeded once the year target is reached,V449; §3.8 KPI values rule 5,Settings → Plan & performance → pace bands (perf.pace_bands),None: perf.pace_bands not declared in the registry — KPI-* (P5-4),Unbuilt,
PRF-016,KPIs,Settings → Plan & performance → pace bands,Admin,"Admin sets bands 0.95 / 0.80 with a reason, effective 1 Oct","Preview shows before/after; from 1 Oct statuses use the new bands, September keeps the old; logged; Revert works; a KPI revision may carry its own bands","V449; V97 (effective date, preview, Revert); §3.2",Settings → Plan & performance → pace bands,"SETS-02, SET-01, settings.spec.ts 'an admin changes a setting…' (framework only); the setting — P5-4",Unbuilt,
PRF-017,KPIs,Settings → Plan & performance,Head of department,Huda (Head) opens /settings/performance to change the pace bands,Refused by address with the no-access state; no Settings entry; the database refuses the write,V97; V138,hard rule (not editable),"org.spec.ts 'a non-admin is refused Settings by address' (member, /settings/work; the page checks is_admin for every group); ADM-01 (a head refused setting_set); ACC-05",Covered,
PRF-018,KPIs,Alerts job → KPI behind pace,System,K-REV turns Behind on 20 Sep,One alert_kpi_behind to each Responsible that day; none on the next run the same day,V401; §3.3 alerts,Settings → App → notification kinds (notify.kinds_enabled),ALR-01 (framework); kind — P5-4,Unbuilt,
PRF-019,KPIs,KPI record → Targets,Manager,"Layla (Full on KPIs) changes K-REV's Q3 target 100,000 → 80,000 effective 15 Sep with a reason","Pace, report drafts and appraisal lines recompute; target as of 14 Sep still reads 100,000; both changes logged",FLOW-06; V97 (targets on the KPI page); §3.8 rule 4,manual: KPI page → Targets (Full on KPIs),None — FLOW-06 (P5-4),Unbuilt,
PRF-020,KPIs,KPI record → Targets,Member,"Omar (Own on KPIs, Responsible) tries to change K-B2B's target",Refused: targets need Full on KPIs,V97; §8,Settings → Organization & access → role levels / person override,None — KPI-* (P5-4),Unbuilt,
PRF-021,KPIs,Settings → Plan & performance → KPI definition (revision),Admin,Admin changes K-07's unit and source with an effective date after the September report was issued,New revision from that date; earlier months keep the old one; the issued report is unchanged and shows its drift,§3.8 KPI values rule 1; §5a; V400; §3.9 After issue,Settings → Plan & performance → KPI revisions,"None — KPI-* (P5-4), RPT-* (P6-1)",Unbuilt,
PRF-022,KPIs,KPIs → department compare,Head of department,Huda wants two departments' (or teams') KPI results side by side,Not specified: only report-to-report compare exists (V57); KPIs have department/team/person scopes but no compare view; V444 names leaderboards that no step builds,V57; §3.8 scopes; V444,None,None,Open question,"Decide whether a department/team compare (or leaderboard) is in v1, and on which page"
PRF-023,KPIs,KPI record → money KPI,No access,Omar's Finance level is overridden to none; he opens K-REV (computed from Finance),"Figures show ""not measured — no access"", never 0; drill-down hides invoices",§5 (M53),Settings → Organization & access → role levels / person override,None — KPI-* (P5-4),Unbuilt,
PRF-024,KPIs,KPIs while viewing as,Admin using View as,Faisal views as Omar and clicks Add reading on K-07,Sees exactly Omar's KPIs; the control is disabled with the read-only reason; the server refuses auth.view_as_read_only,V442,Settings → App → auth.view_as_enabled,"None — VIEW-* (P3-15, P3-16)",Unbuilt,
PRF-025,KPIs,Plans → next year,Member,Omar logs an achievement dated 2 Jan 2027 before any 2027 plan exists,"Refused ""no 2027 plan yet""; after the admin copies 2026 → 2027 it saves on the 2027 plan; 2026 reports keep the 2026 plan",§3.8 Plans; FLOW-07; BLUEPRINT §5a,Settings → Plan & performance → copy plan,None — FLOW-07 (P5-4),Unbuilt,
PRF-026,Achievements,KPIs → Achievements → Log achievement,Member,"Omar logs New deals for Najd Mining: category first, then its fields, evidence file dated 3 Sep",Saved with happened_on 3 Sep; K-B2B Sep +1; partner card lists it; drill-down reaches the evidence,FLOW-02; V400; §3.8,Settings → Plan & performance → categories and fields,None — FLOW-02 (P5-4),Unbuilt,
PRF-027,Achievements,Achievement record → edit,Member,Nour (not owner or participant) edits Omar's achievement,Refused; the owner and participants edit their own,§5 (Achievement yours as owner or participant); §3.8,Settings → Organization & access → role levels / person override,None — ACH-* (P5-4),Unbuilt,
PRF-028,Achievements,Achievement record → correct / remove,Manager,"Layla (Full on KPIs) removes Omar's achievement, first without a reason, then with one","Without a reason refused; with it removed, KPIs and drafts drop at once; Omar notified; restorable 30 days",§3.8 (no approval; manager corrects with reason); V141,manual: edit on the record,DEL-01 (framework) — ACH-* (P5-4),Unbuilt,
PRF-029,Achievements,Log achievement → MoU / strategic signing,Member,Omar logs an MoU with Najd Mining signed 10 Sep; Najd Mining's Client side has no revenue yet,"Never counts as a new client (partner.new_clients reads Finance); Client side set to Prospect from 10 Sep unless Active, same request, reason ""MoU signed""",V66; §3.8,Settings → Plan & performance → categories,None — ACH-* (P5-4),Unbuilt,
PRF-030,Achievements,Log achievement → MoU / strategic signing,Member,"The MoU counter-party is At risk, Lost, or has only the Supplier & partner side on","Not decided: V66 (one status) predates V98 (a status per side); which side becomes Prospect, and whether At risk/Lost is overwritten",V66; V98,manual: set the side status,None,Open question,Rule which side the MoU sets and that only a side with no status or Prospect is changed
PRF-031,Achievements,"Achievement → ""use as example"" (Cases)",Member,Omar flags a Cost savings achievement of Q3 as an example,"Quarterly Q3 report's Cases section shows exposure, actual, avoided and the story",V67; §3.9 Cases,Settings: report.cases_per_quarter (1),None — RPT-* (P6-1),Unbuilt,
PRF-032,Achievements,"Achievement → ""use as example"" (Cases)",Manager,A second Q3 achievement is flagged while report.cases_per_quarter is 1,"Not decided: refuse the second flag, or show only one (which one?)",V67; §3.2 report.cases_per_quarter,Settings: report.cases_per_quarter,None,Open question,"Rule: flagging past the limit is refused naming the one already flagged, or the editor picks"
PRF-033,Achievements,Log achievement → Cost savings / Problem solving,Member,"Exposure 50,000, actual loss 8,000","Avoided = 42,000 computed, labelled ""not revenue""; no Finance figure moves",V66; P5-6 acceptance,Settings → Plan & performance → category fields (formula),"None — ACH-* (P5-4), P5-6 E2E",Unbuilt,
PRF-034,Achievements,Log achievement → Cost savings / Problem solving,Member,"Actual loss 60,000 is typed above exposure 50,000","Not decided: avoided would be −10,000",V66 (avoided = exposure − actual),manual: edit on the record,None,Open question,"Refuse actual loss above exposure, or allow a negative avoided and label it"
PRF-035,Achievements,Log achievement → Supplier cashback,Member,"Omar logs cashback 12,000 from Tala Hotels received 5 Sep, reference CB-T-0001, logged 20 Sep","Dated 5 Sep (receipt), Q3; typed amount ""not revenue""; never in Finance; mapping it onto a money KPI refused; the supplier needs the Supplier & partner side on",V90; V66 check,Settings → Plan & performance → categories,None — ACH-* (P5-4),Unbuilt,
PRF-036,Achievements,Achievement → evidence (Direct reference),Member,Omar gives ticket reference TCK-T-0001 with its link instead of a file,"Counts as evidence (no ""no evidence yet"" flag); the link is built from the ticket system's URL pattern",V99; V154; §3.8 achievement_ref,Settings → Work → reference systems (URL pattern),XREF-01 covers references on organisations only — achievements P5-4,Unbuilt,
PRF-037,Achievements,Achievement → evidence (Direct reference),Member,"The ticket system's URL pattern is still blank, so the reference has a value but no link","Not decided: V99 says a reference ""with its link"" is evidence; V154 leaves patterns blank until an admin fills them",V99; V154,Settings → Work → reference systems,None,Open question,Rule that a reference value is evidence with or without a link (or require the pattern first)
PRF-038,Achievements,Log achievement → Technical integration,Member,Omar logs an integration with Sahab Tech without the Direct ticket number,Not saved; with the ticket it counts on the handover date; a go-live date added later never counts again,V99; V407; V448,hard rule (not editable),None — ACH-* (P5-4),Unbuilt,
PRF-039,Achievements,"KPI record / KPI sheet → ""no evidence yet""",Any,An achievement has neither a file nor a Direct reference,"Counts on the KPI page and in the KPI sheet flagged ""no evidence yet""; never counts in the appraisal",V33; V68,hard rule (not editable),"None — ACH-* (P5-4), APR-* (P6-3)",Unbuilt,
PRF-040,Achievements,Log achievement → date,Member,Evidence dated 30 Sep; Omar logs it on 4 Oct,"Counts in September and Q3, not October; not ""logged late"" (4 days)",V400,Settings → Work → late days,None — DATE-* (P5-4),Unbuilt,
PRF-041,Achievements,Log achievement → date,Member,Omar picks tomorrow as the evidence date,Refused common.date_in_future,V400; V142,hard rule (not editable),"DATE-01 (requests, notes — built records only); achievements P5-4",Unbuilt,
PRF-042,Achievements,Achievement record → move to previous period,Manager,Layla moves an achievement from 2 Oct into September with a reason,"happened_on set back; ""moved"" mark (from, by, why); October and September KPIs update; a member is refused the Move",V400; §3.8,manual: Move on the achievement,None — DATE-* (P5-4),Unbuilt,
PRF-043,Achievements,Achievement record → edit date,Member,"Omar re-dates his own achievement from 5 Oct to 28 Sep after the September report was issued, without a reason","Not decided: owners edit their own freely, V36 asks a reason when the month has an issued report, and V400 marks only a manager's move",V36; V400; §3.8,manual: edit on the record,None,Open question,Rule that re-dating into an issued period needs a reason (and gets the moved mark) whoever does it
PRF-044,Achievements,Achievements → Past work grid,Member,"Omar pastes 20 rows (title, happened_on, category, organisation) from a sheet","20 Backfilled achievements in one request; no notices; never late; the preview names refused rows (future date, unknown organisation, no title); one Undo",V400; §3.11 Past work grid; P5-2c (the brief's V306 is not in DECISIONS.md),manual: paste grid on Achievements,unit a-pasted-block-of-20-rows-maps-to-20-rows-and-one-request; unit the-grid-previews-every-row-and-saves-the-ready-ones-as-one-request-with-one-undo; unit the-preview-refuses-a-future-date-a-missing-title-and-an-unknown-organisation-by-name (the grid; V306),Partly,api.backfill_achievements (P5-4 — builder A) and the grid on Achievements (P5-2 — builder B); then the e2e
PRF-045,Achievements,Achievements → Past work grid (duplicates),Member,The same 20 rows are pasted a second time,Not decided: no duplicate rule; 40 achievements would count,V400; §3.11,manual: remove the duplicates,unit a-pasted-name-is-matched-by-the-database-and-a-row-pasted-twice-is-added-once › OLD-PRF-045 (3 rows + a second paste adds nothing),Partly,"Ruled by the Architect's round 13 (OLD-PRF-045): the preview names a repeat and a row saved before, and each row carries its key (V306); the database keeps one row per key (api.backfill_achievements, P5-4 — builder A)"
PRF-046,Achievements,Test data on production,Test account,The test account (role Member) logs an achievement on production during testing,"Not decided: V444/V445 say never counted ""in KPIs""; unclear if its achievements are left out of KPI figures or only of pickers",V444; V445; V447,manual: remove before go-live,None,Open question,"Rule that records owned by non-team-member accounts are excluded from every KPI, report and appraisal figure"
PRF-047,Challenges,KPIs → Challenges → New,Member,Omar opens a challenge on Najd Mining on 1 Aug and leaves it open,Stays open with its age; the August and September reports list it as carried over without retyping,§3.8 Challenges; BLUEPRINT §3,manual: resolve on the record,"None — P5-4, RPT-* (P6-1)",Unbuilt,
PRF-048,Challenges,Challenge record → Escalate,Member,Omar marks it critical and escalates it to Layla with a note,"One request: Layla notified (escalated), made a follower, note on the timeline, escalated_to/on recorded; escalating again still counts once",V69; V401; §3.3 Escalate; §9.3 CHL-*,manual: escalate on the record,"None — CHL-* (P5-1, P5-4)",Unbuilt,
PRF-049,Challenges,Challenge record → Escalate,Switched-off / left person,"Omar escalates to Karim, who was switched off last week","Not decided: V129 tells Karim nothing, so the escalation reaches nobody",V69; V129,None,None,Open question,Refuse escalating to someone who cannot sign in (the picker lists only active people)
PRF-050,Reports,Reports → monthly draft (editor),Member,Omar is a named report editor with Reports · View; he edits the September draft,Allowed whatever his level; the draft is live with suggestions of uncited achievements; each line change logged and undoable,§5 (report draft: a named editor); §8,Settings → report editors (report.editor),None — RPT-* (P6-1),Unbuilt,
PRF-051,Reports,Reports → monthly draft,Manager,"Layla (Reports · View, not an editor) opens the draft","Reads the live draft; no edit, submit or issue controls; the door refuses writes",§8 Reports; §5,Settings → report editors,None — RPT-* (P6-1),Unbuilt,
PRF-052,Reports,Reports → Submit for review,Member,"Review is on; editor Omar submits; reviewer Huda returns it with a comment, then approves",Status in_review → draft with comments → approved; report_for_review notice to the reviewer,§3.9 Review,"Settings → report template (review on/off), reviewers",None — RPT-* (P6-1),Unbuilt,
PRF-053,Reports,Reports → Issue,Member,Editor Omar issues September,Snapshot with SHA-256 and number <dept>-M-2026-09; status Issued; report_issued notice; figures and wording frozen,§3.9 Issue; V10,hard rule (not editable),None — RPT-* (P6-1),Unbuilt,
PRF-054,Reports,Reports → Issue,Head of department,Huda tries to issue September a second time from another draft,"Refused (one issued report per department, kind and period); Correct is the way",§3.9 report.report unique where issued; V36,hard rule (not editable),None — RPT-* (P6-1),Unbuilt,
PRF-055,Reports,Reports → Issue (Arabic),Member,One line has English text only; the template prints Arabic,"Issue refused naming the line; Translate drafts the Arabic, marked Draft until confirmed; the button is absent without the browser's Translator API",V403; V76; §3.9,Settings → report template print languages (default {ar}),"None — RPT-* (P6-1), ARB-* (P6-2)",Unbuilt,
PRF-056,Reports,Reports → Note line,Member,"Omar types a note line ""Najd Mining paid 12,000 SAR""","Refused ""use an Achievement line""; note lines never count and carry no amount",V79; §3.9 Two kinds of line,hard rule (not editable),None — RLINE-* (P6-1),Unbuilt,
PRF-057,Reports,Reports → Achievement line typed in the report,Member,"Omar types a New deals line for Waha Foods (date, person, fields; no evidence)","Creates the achievement ""added from report"", ""no evidence yet""; counted once in KPIs however many lines cite it; not in the appraisal",V79; V33; V68,hard rule (not editable),None — RLINE-* (P6-1),Unbuilt,
PRF-058,Reports,"Issued report → ""N added since issue""",Member,"After September is issued, Omar logs an achievement dated 20 Sep","September stays frozen and shows ""1 added since issue"" (a link); October's draft lists it under ""Added to earlier periods""; Q3 KPIs include it",V400; §3.9 Added since issue,hard rule (not editable),None — RPT-* (P6-1),Unbuilt,
PRF-059,Reports,Issued report → Correct (V36),Manager,Layla removes a cited September achievement with a reason; an editor issues a correction,"Old hash unchanged, drift shows the changed figure; correction numbered -C1; the old one Superseded chip; both readable (FLOW-05)",V36; §3.9 After issue,manual: Correct on the issued report,None — FLOW-05 (P6-1),Unbuilt,
PRF-060,Reports,Issued report → live names,Any,Najd Mining is renamed after September was issued,The issued screen and a fresh PDF show the new name; no figure or hash changes,V58; FLOW-10,manual: rename the organisation,NAME-01 (renames follow on organisations); report part — FLOW-10 (P6-1),Unbuilt,
PRF-061,Reports,Reports → archive landing,Viewer,Salma opens /reports,"Every issued monthly and quarterly report and every legacy PDF, newest first, by year, status Draft/Issued/Legacy PDF; tabs Monthly · Quarterly",V57; V10; §6 Reports,hard rule (not editable),None — P6-2 E2E,Unbuilt,
PRF-062,Reports,Reports → load a legacy PDF,Member,"Omar (Reports · View) tries ""Import legacy PDF"" for March 2025",Not decided: no rule says which level loads a legacy report,V57; §3.9,None,None,Open question,Rule that loading a legacy PDF needs Full on Reports (or a named editor)
PRF-063,Reports,Reports → search,Any,"Search ""Najd Mining"" after it was renamed from its old name",Finds issued lines by the entity token under the current name; legacy PDFs not searched in v1,V67; §3.9 Search,hard rule (not editable),None — SRCH-* (P6-1),Unbuilt,
PRF-064,Reports,Reports → compare,Head of department,Huda compares September 2026 with the legacy September 2025,"Tiles aligned with deltas; legacy side shows its typed tiles and ""Legacy PDF · page N""; Differences only; Swap",V57; §3.9 Compare,hard rule (not editable),"None — RPT-* (P6-1), P6-2 E2E",Unbuilt,
PRF-065,Reports,Issued report → PDF / PPTX,Viewer,"Salma downloads September as PDF and PPTX, then asks for the English copy","Arabic by default, same snapshot; English copy on request; a line with no English prints in Arabic, never blank",V403; V76; §3.9,Settings → report template print languages,None — P6-2c unit and E2E,Unbuilt,
PRF-066,Reports,Settings → report templates (section titles),Admin,"Admin names a section title containing ""MICE"" or ""B2B""","Refused naming the word, as every settings value",V404; V156,hard rule (not editable),WORDS-01 (lists and defaults only); templates — P6-1,Unbuilt,
PRF-067,Reports,Reports → line free text (banned words),Member,"Editor types ""our B2B clients"" in a line's text","Not decided: V404/V156 cover lists, seeds and settings; nothing says whether typed report text is checked at issue",V59; V404; V156,None,None,Open question,Rule whether issuing refuses (or flags) a banned word in line text
PRF-068,Reports,Reports → next-month targets,Member,"Omar writes a next-month target ""Sign Waha Foods"" for Layla in September",Creates the target and Layla's task due 31 Oct in one request; October shows it done or carried over with its age,V38; §3.8 period targets,manual: edit the task,"None — P5-4, RPT-* (P6-1)",Unbuilt,
PRF-069,Reports,Reports → remove a report,Head of department,Huda removes an issued report (not a draft),"Draft: soft removal, restorable 30 days. Issued: not decided — ""issued reports never change"" but no rule forbids removal",V141; V400; §3.9,None,DEL-01 (framework),Open question,"Rule that an issued report cannot be removed, only superseded"
PRF-070,Reports,"Appraisal item ""reports on time""",Manager,September's report is issued on 6 Oct; report.due_day is 5; an achievement was logged 16 days late,"Not decided: V42 ""logged before the report's cut-off day"" vs V400 ""logged late after 14 days"" vs report.due_day",V42; V400; §3.2 report.due_day,Settings: report.due_day; Settings → Work → late days,None,Open question,Define the one cut-off the report.on_time measure uses
PRF-071,Reports,Issued report → money tiles,No access,Omar (Finance none) opens the issued September report with Revenue and Profit tiles,Not decided: reports are visible to all (V96) but finance figures need Finance view (M53); the snapshot is frozen text,V96; §5 (M53); §3.9,Settings → Organization & access → role levels / person override,None,Open question,Rule whether money tiles in reports are masked without Finance view
PRF-072,Reports,Reports → editor leaves,Switched-off / left person,"Omar, the only named editor, is switched off before October is issued",Huda (Full on Reports) edits and issues; Omar's lines stay attributed to him,§5 (Full on Reports may issue and correct),Settings → report editors,None — RPT-* (P6-1),Unbuilt,
PRF-073,Reports,Reports while viewing as,Admin using View as,Faisal views as editor Omar and clicks Issue,Refused auth.view_as_read_only; the banner stays; nothing written,V442,Settings → App → auth.view_as_enabled,"None — VIEW-* (P3-15, P3-16)",Unbuilt,
PRF-074,Appraisal,Settings → Plan & performance → appraisal cycles,Admin,Admin opens a cycle 1 Apr 2026 – 31 Mar 2027 without typing a name,"Named ""2026-27""; the template tree is frozen into the cycle; each person gets an appraisal at step Self",V68; §3.10,Settings → Plan & performance → appraisal cycles (appraisal.cycle_label),None — APR-* (P6-3),Unbuilt,
PRF-075,Appraisal,Person record → Appraisal → Self-registration,Member,"Omar opens ""my achievements in this cycle""","Lists achievements he owns or took part in with evidence dates in the cycle; flags ""no date"" / ""no evidence""; flagged ones never count",V68; §3.10,hard rule (not editable),None — APR-* (P6-3),Unbuilt,
PRF-076,Appraisal,Person record → Appraisal → Manager draft,Manager,"Layla, Omar's direct manager, fills the manager column",Private to Layla and admins; Omar sees nothing of it until Shared,V401; §3.10 Steps; §9.3 STEP-*,hard rule (not editable),None — STEP-* (P6-3),Unbuilt,
PRF-077,Appraisal,Person record → Appraisal → Shared,Member,Layla moves Omar's appraisal to Shared,"Omar sees the draft, comments, both sign; each step logged and notifies the other party (appraisal_step)",V401; §3.10,hard rule (not editable),None — STEP-* (P6-3),Unbuilt,
PRF-078,Appraisal,Person record → Appraisal → Lock,Admin,Admin locks at lock_on; later an invoice of Omar's is voided,"Actuals, %, final and grade copied into locked_*; the void moves nothing; reopening is an admin action with a reason; a manager is refused Lock",§3.10 Lock,"manual: Reopen (admin, with reason)",None — APR-* (P6-3),Unbuilt,
PRF-079,Appraisal,Appraisal → scoring (weights),Any,"Template seeded from the tool: personal KPIs 70, competencies 25, corporate 5",Final % = the sections weighted 70/25/5; grade from the cycle's scale; both weight conventions give the same %; the editor warns when weights do not add up,V3; §3.10 Roll-up,Settings → Plan & performance → appraisal templates,None — APR-* (P6-3),Unbuilt,
PRF-080,Appraisal,Person record → Appraisal (privacy),Head of department,"Huda (not Omar's direct manager, Appraisal · Own) opens Omar's appraisal by address and searches for it","Refused; absent from search, exports, notifications, My day and history",V96; V143; §3.10 Visibility,hard rule (not editable),VIS-01 (private record type foundation); appraisal itself — VIS-*/APR-* (P6-3),Unbuilt,
PRF-081,Appraisal,Person record → Appraisal (privacy),Manager,Layla's own manager (skip level) opens Omar's appraisal,"Refused: direct manager only, never the whole line",V96; V143 (reports_to = direct only),hard rule (not editable),ACC-06 (authz.reports_to direct reports only; sabotage reports-to-walks-the-whole-chain); appraisal P6-3,Unbuilt,
PRF-082,Appraisal,Appraisal → all,Admin,Faisal (Admin) opens the appraisal list,"Sees every appraisal of every person, all steps, including private manager drafts",V96; §6 Appraisal,hard rule (not editable),VIS-01 (an admin always sees); appraisal P6-3,Unbuilt,
PRF-083,Appraisal,Appraisal → all,Admin account,The owner's admin account opens appraisals; then the reports-to picker,Sees all as admin; it has no appraisal of its own and never appears as a manager or appraisee,V444; §3.1,hard rule (not editable),"None — P3-8c (kind), P6-3",Unbuilt,
PRF-084,Appraisal,Appraisal cycle opening,Test account,A cycle opens while the test account holds the Member role,No appraisal is made for it; it is never in pickers; removed before go-live,V445; P6-8 checklist,manual: remove the test account (P6-8),"None — P3-8c, P6-3",Unbuilt,
PRF-085,Appraisal,Appraisal while viewing as,Admin using View as,"Faisal views as Omar and opens Nour's appraisal address, then Omar's own",Nour's refused as it would be for Omar; Omar's shown without the manager draft until Shared; nothing writable,V442; V96,Settings → App → auth.view_as_enabled,None — VIEW-* (P3-15),Unbuilt,
PRF-086,Appraisal,Person record → own Appraisal tab,Viewer,"Salma (Viewer, Appraisal level none) has an appraisal in the cycle","Not decided: §8 says ""always: your own"" but gives Viewer ""No access""; §3.10 says whatever the page level",§8; §3.10; V96,Settings → Organization & access → role levels / person override,None,Open question,"Rule that the person always sees their own appraisal on their record page, whatever the level"
PRF-087,Appraisal,Appraisal → manager changes mid-cycle,Manager,During Manager draft Omar moves from Layla to Huda (manager_id changed),"Not decided: visibility follows the current manager_id, so Layla loses her draft and Huda sees it; evaluator_id stays Layla",§3.10 (evaluator_id; visibility by manager_id); V96,Settings → Organization & access → person manager,None,Open question,Rule who evaluates and who sees the draft after a mid-cycle manager change
PRF-088,Appraisal,Appraisal → person leaves,Switched-off / left person,Omar is switched off in January with his appraisal at Shared,"Not decided: lock early, keep open for the manager, or exclude from the cycle",§3.10; V132,None,None,Open question,Rule what happens to an open appraisal when its person leaves
PRF-089,Appraisal,Appraisal → legacy imports,Admin,Admin loads the ClickUp KPI records and the online tool's export through the importer,"Items without date or evidence become appraisal.legacy only, never achievements, never counted; the tool's last two cycles load as legacy; editing legacy is refused",V43; V68; V3,manual: importer (one time),"None — APR-* (P6-3), P6-5",Unbuilt,
PRF-090,Appraisal,Appraisal → cycle boundary,Any,Achievements dated 31 Mar 2027 and 1 Apr 2027 (the 2027 plan copied with the same category codes),"The first counts in 2026-27, the second in 2027-28; categories matched by code across the two calendar plans",§3.8 measures by code; §3.10; BLUEPRINT §3 (appraisal April–March),hard rule (not editable),None — APR-* (P6-3),Unbuilt,
PRF-091,Appraisal,"Appraisal → ""Sales vs plan""",No access,Omar's Finance level is none; his appraisal item reads credited revenue,"Not decided: M53 says finance measures return ""not measured — no access"", which would zero his own item",§5 (M53); §3.10,Settings → Organization & access → role levels / person override,None,Open question,Rule that appraisal items are computed regardless of the reader's Finance level
PRF-092,Finance,Finance → New invoice (transaction),Member,"Omar types INV-T-0001: Fully Paid, 11,500, paid 14 Aug, email a@test.example, approved expense 9,000","One request, source manual; matched by email; credited to the account manager; revenue Aug 11,500, cost 9,000, Provisional; Undo restores every part",FLOW-01; §7; V49; V5,manual: edit on the invoice,"None — FIN-*, FLOW-01 (P4-1..P4-4)",Unbuilt,
PRF-093,Finance,Finance → invoice (edit),Member,Nour edits Omar's typed invoice,Refused: Own edits only invoices you typed; a manager corrects anyone's,V49; §5 (invoice yours as its typist),Settings → Organization & access → role levels / person override,None — FIN-* (P4-1),Unbuilt,
PRF-094,Finance,Finance → invoices,Viewer,Salma (Finance · View) opens Finance and tries New invoice,Reads every list and figure; New invoice absent; the door refuses,§8,Settings → Organization & access → role levels / person override,None — P4-5 E2E,Unbuilt,
PRF-095,Finance,Finance (pilot readers),Viewer,A Finance colleague in another department joins the pilot with View on Finance,Sees Commercial's Finance only when the admin grants that department; cannot type,V71; V109 (departments granted),"Settings → Organization & access → person (role, departments)",ACC-01 (levels); Finance reads P4-5,Unbuilt,
PRF-096,Finance,Finance → invoice status,Any,"Statuses typed: Fully Paid; Fully Paid (Audit Required); Partially Paid; Void; a bare ""Paid""",Counts; counts flagged; not revenue (pending); never counts; held until a person maps it; a later edit to Void drops every figure at once,§3.6 status_map; V418; MF9,Settings → Finance → status words,"None — FIN-* (P4-1, P4-2)",Unbuilt,
PRF-097,Finance,Finance → cost status,Member,A transaction has an approved expense and no DPIN yet; later Layla types the billing invoice's DPIN,"Provisional (margin shown apart) until the DPIN exists, then Final and in the main profit",V1; §3.6,hard rule (not editable),None — CHK-* (P4-2),Unbuilt,
PRF-098,Finance,Finance → cost status,Any,A non-commission transaction has no expense registered,Cost empty (never 0) on screen and in exports; Provisional; no profit in the main figure,V1; OA4 (V428),hard rule (not editable),None — REC-* (P4-2),Unbuilt,
PRF-099,Finance,Finance → cost status,Any,The billing invoice has its DPIN but one transaction still has a pending expense,Not decided: V1 says Provisional while an expense is pending and Final once the DPIN exists,V1; §3.6,None,None,Open question,Rule that any pending expense keeps the unit Provisional even after the DPIN
PRF-100,Finance,Finance → checks,Any,"DPIN equals 100 % of a non-commission total; a billing total of 9,500 re-bills 6,000 + 4,000","Flagged ""expenses missing""; flagged billing ≠ its transactions; both listed in Finance health",V1; FLOW-09; §3.6 finance.check,hard rule (not editable),"None — CHK-*, FLOW-09 (P4-2)",Unbuilt,
PRF-101,Finance,Finance → New invoice (billing),Member,Omar types an expense on a billing invoice; then links a transaction already on another billing invoice,Both refused (expenses never on billing; one billing invoice per transaction),§3.6; P4-1,hard rule (not editable),None — FIN-* (P4-1),Unbuilt,
PRF-102,Finance,Finance → matching,Member,"Omar types an invoice with client ID 77 that no organisation holds, and an email Najd Mining holds",State unknown_client_id in Needs a decision; never falls through to the email; an official name alone only suggests a match (V421),V420; V421; §3.5,Settings → Clients → match order (partner.match_order),None — MATCH-* (P4-3),Unbuilt,
PRF-103,Finance,Finance → New invoice → pick partner,Member,No clue matches; Omar picks Waha Foods while typing,"Entry pin (pin mark); the clue goes to Needs a decision as a suggested identifier; once someone with clients.identify accepts, rows match by themselves and the pin clears",§3.5 Pin; V49,manual: pin on the invoice,None — FLOW-04 (P4-3),Unbuilt,
PRF-104,Finance,Clients → Needs a decision,Member,"Omar (no clients.identify) clicks ""This is client Waha Foods""",Refused access.needs_capability,§8 (partners.identify); V147,Settings → Organization & access → capability override,IDN-02 (identifiers need identify); queue P4-3,Unbuilt,
PRF-105,Finance,Clients → Needs a decision → Exclude,Manager,"Layla chooses ""Exclude"" for a test customer group","Not decided: the queue offers Exclude (§3.5) but exclusion rules are Settings → Finance, admins only (V97)",§3.5; §3.6; V97,Settings → Finance → exclusion rules,None,Open question,"Rule that Exclude in the queue is admin-only, or give exclusions their own door outside Settings"
PRF-106,Finance,Finance → wallet top-up,Member,"Omar types a wallet top-up of 20,000 for Waha Foods; later invoices consume 5,000 from the wallet","Top-up never revenue; prepaid balance 15,000 on the Finance tab",V70; MF7; §3.6 partner_wallet,Settings → Finance → wallet rules,None — PFN-* (P4-2),Unbuilt,
PRF-107,Finance,Finance → credit note,Member,"Omar types a credit note of 2,000 against Najd Mining",Stored as credit_note; never counts; never reduces revenue,V423,hard rule (not editable),None — FIN-* (P4-2),Unbuilt,
PRF-108,Finance,Finance → Loss,Any,"Approved cost 12,000 on revenue 11,500",Profit −500 (never clamped); Loss chip; counted in Finance health,V414,hard rule (not editable),None — LOSS-* (P4-2),Unbuilt,
PRF-109,Finance,Finance → Overview,Head of department,Huda opens the Finance overview,"Revenue, Cost, Profit (Final only); estimate apart and flagged, never ""profit with estimates""; ""Not yet invoiced: Ready / Pending"" never in revenue",V419; V424; V73,Settings → Finance → finance.not_invoiced_line,None — P4-5 E2E,Unbuilt,
PRF-110,Finance,VAT (schema),Any,A migration adds a column vat_amount to a finance table,The check refuses it; VAT is never stored or shown,M1; §3.6; V103,hard rule (not editable),no-vat-columns check; unit 'the-sql-rules-refuse-vat-columns…'; sabotage plant-vat-column.patch,Covered,
PRF-111,Finance,VAT inside the margin,Admin,The owner asks whether Profit includes VAT on the fee,Deferred: margin kept as recorded until decided at go-live,V51; V4,Settings → Finance → revenue definition (at go-live),None,Open question,Owner to rule V51 with the revenue definition before go-live
PRF-112,Finance,Settings → Finance → revenue definition,Admin,"Admin switches ""Commercial revenue"" to margin effective 1 Oct","September KPIs keep revenue, October uses margin; every KPI, draft and appraisal recalculates; logged",V4; §3.6; FLOW-06,Settings → Finance → revenue definition,"None — FLOW-06 (P4-2, P5-4)",Unbuilt,
PRF-113,Finance,Finance → Collections (ageing),Manager,"Billing invoices: one 20 days old, one 95 days, one with no date, one dated next month, one Voided","Buckets 0–30, 90+, no date, future; Voided never outstanding; outstanding = total − allocated receipts (a receipt may be split, never over-allocated); due basis shown",§3.6 receivable; V415; V416,Settings → Finance → collection due days (30),"None — COL-*, DUE-* (P4-2)",Unbuilt,
PRF-114,Finance,Alerts job → invoice unpaid,System,A counted invoice of Najd Mining is unpaid 46 days,"alert_invoice_unpaid to the account manager and one follow-up task, once per invoice",V61; V401; §3.3,Settings → Finance → unpaid alert days (45),"ALR-01 (framework); kind — P4-2, P5-1",Unbuilt,
PRF-115,Finance,Finance → Collections → Sent to legal,Head of department,"Huda flags a 120-day receivable ""sent to legal"" with a note",Chip in Collections and on the card; stays in outstanding; logged and undoable,V70; §3.6 receivable_flag,manual: flag on the receivable,None — PFN-* (P4-1); capability finance.credit_control in registry (REG-01),Unbuilt,
PRF-116,Finance,Finance → Collections → Sent to legal,Manager,Layla (no finance.credit_control by default) tries the flag; Huda tries it without a note,Both refused (capability; note required),§8; V70,Settings → Organization & access → capability override,None — PFN-* (P4-1),Unbuilt,
PRF-117,Finance,Clients → record → credit limit,Head of department,"Huda sets Najd Mining's limit 50,000 then 0, each with approver and reason; Omar tries; a Finance-none member reads the card",Both kept in history; 0 = Prepaid only; Omar refused; the card hides limits without Finance · View,V70; V92; V136,manual: credit limit on the Client side,CRL-01 (sabotage anyone-sets-a-credit-limit),Covered,
PRF-118,Finance,Clients → record → credit limit (approver),Head of department,"Huda names as approver herself, a Viewer, or a switched-off person",Accepted today: the door only checks the approver is a staff person; no rule says who may approve,V70; V92,manual: credit limit,CRL-01 (approver required only),Open question,"Rule who may approve a limit (active, not the caller?) and let the admin account approve (V444)"
PRF-119,Finance,Finance → Sales by code,Manager,Codes WAHA10 (Waha Foods) and campaign SUMMER-T by month,"Code × month: units, revenue, profit, holder, terms; campaign code credited to nobody, listed apart; sums add up",V65; V30; §3.6 sales_by_code,manual: codes on the Client side,CODE-01 (a code is live on one holder at a time); sales by code — P4-2,Unbuilt,
PRF-120,Finance,Finance → credit,Head of department,Huda moves Najd Mining's account manager from Omar to Layla from 1 Sep; invoices paid 20 Aug and 10 Sep,"August stays Omar's, September is Layla's in person measures, My day and appraisal",V27; FLOW-03,manual: side owner on the Client side,None — FLOW-03 (P4-2),Unbuilt,
PRF-121,Finance,Finance → split credit,Member,Omar tries to split INV-T-0002 50/50 with Nour; then Layla does it with a note,"Omar refused (finance.credit); Layla's split: shares sum to 1, each sees half",§8 finance.credit; §3.6 credit_split,Settings → Organization & access → capability override,None — FLOW-03 (P4-2),Unbuilt,
PRF-122,Finance,Record history → money fields,Manager,Layla's Finance level is overridden to none; she opens an invoice's history from Activity,"Changes shown, money values hidden",§3.3 Reading history,Settings → Organization & access → role levels / person override,HIST-01 (history for those who may see); money masking — P4-1,Unbuilt,
PRF-123,Finance,/overview by address,Member,Omar (Overview level none) types /overview,No-access state; no Revenue · Cost · Profit drawn,§8 Overview; §5,Settings → Organization & access → role levels / person override,None: the placeholder draws an empty state for anyone signed in,Gap,Guard /overview (and every area page) by page level in Page(); E2E for a member
PRF-124,Finance,Finance → invoice date,Member,Omar types a paid date of next week on a Fully Paid invoice,"Not decided: V400's ""never after the day it was logged"" names tasks, achievements and readings, not invoices",V400; §3.6,manual: edit the paid date,None,Open question,Rule that paid and created dates cannot be after today (Riyadh)
PRF-125,Finance,Finance → credited revenue of a leaver,Switched-off / left person,Omar is switched off on 15 Sep; his invoices paid in August,Still credited to Omar for August (credit by the paid date); nothing moves; he cannot sign in,V27; V132,manual: side owner change for new invoices,PPL-02 (switching off ends devices); credit P4-2,Unbuilt,
PRF-126,Exports,Any list → Export,Member,Omar exports the Invoices list filtered to Q3 and payment type prepaid,CSV with BOM or Excel; same query and chips; row count = list count; numbers as numbers; Riyadh dates; IDs as text,§3.11 Export; V83; P3-12,Settings → App → export formats (app.export_formats),None — export-count E2E (P3-12),Unbuilt,
PRF-127,Exports,Any list → Export (the guard),Any,"An organisation name starts with ""=HYPERLINK("" or ""+"", ""-"", ""@""",csvGuard neutralises the cell; the file never runs a formula,§3.11 (CP5),hard rule (not editable),None — csvGuard unit (P3-12),Unbuilt,
PRF-128,Exports,Any list → Export (columns),Any,A cost column is empty for Provisional rows; a column is hidden by width,"Empty cost is an empty cell, never 0; every visible column is in the file or the export names what is missing","OA4; OA23 (V426, V428)",hard rule (not editable),None — P3-12,Unbuilt,
PRF-129,Exports,Settings → App → export formats,Admin,Admin removes xlsx from app.export_formats,Only CSV is offered; an empty list is refused (at least one),V126,Settings → App → export formats,JSON-01 (schema checked); the button — P3-12,Unbuilt,
PRF-130,Exports,Any list → Export (paging),Any,"The Invoices list has 2,500 rows","All 2,500 exported (paged to the end, never stopping at 1,000)",OA8 (V428); P3-6e,hard rule (not editable),"None — 1,001-row probe (P3-6e)",Unbuilt,
PRF-131,Exports,Appraisal list → Export,Manager,Layla exports the appraisal list,Only her own and her direct reports' appraisals are in the file,V96 (exports included),hard rule (not editable),None — VIS-* (P6-3),Unbuilt,
PRF-132,Exports,Issued report → PDF / PPTX,Any,"The same issued snapshot is rendered twice, and its printed tiles are checked","Byte-identical files; parts add up to the printed total; a gap of 1 SAR or more is named, never called rounding",P6-2c; OA5 (V428),hard rule (not editable),None — P6-2c unit,Unbuilt,
PRF-133,Exports,Issued report → PDF (Arabic),Any,An Arabic PDF with dates and money,Gregorian dates and Latin digits in Arabic,V40,hard rule (not editable),format.test.ts 'Arabic dates stay Gregorian with Latin digits…' (helper only); PDF — P6-2c,Unbuilt,
PRF-134,Exports,KPIs → Export the KPI sheet,Head of department,Huda exports the 2026 KPI sheet as of 30 Sep,"The strategy team's columns in order (V35); Responsible names; figures equal the scorecard; ""no evidence yet"" flags",V35; V33; V405; §3.9 KPI sheet,manual: export,"None — P5-6 E2E, P6-2c",Unbuilt,
PRF-135,Exports,KPIs → Export the KPI sheet (Status),Head of department,The Status column is filled,Not decided: the computed pace band (On track · At risk · Behind) or the declared status note (on_track … critical),V35; V401; §3.8 kpi_status_note,None,None,Open question,"Rule which status the KPI sheet prints, and map the two vocabularies"
PRF-136,KPIs,"Settings → Plan & performance → list names (units, categories)",Admin,"Admin names a unit or category ""GMV"" or ""Margin improvement"" (strategy sheet wording)","Per V156 data bans only Direct KSA, Direct Corporate, B2B, B2G, MICE — the list editor (banned.ts) still refuses GMV, Margin, Company, Google, Zoom",V73; V156; V404,Settings → lists,"tests/unit/words 'carries every word of the check' (keeps the screen list, not the split)",Gap,Split banned.ts into screen and data lists as V156 asks; the list editor uses the data list
PRF-137,Periods,Riyadh day,System,A request is written at 21:00 UTC on 30 Sep,"Dated 1 Oct (Riyadh), in October and Q4; 20:59:59 UTC stays 30 Sep",D20; V105; V400,hard rule (not editable),CORE-01 (sabotage days-cut-at-utc-midnight); DATE-01,Covered,
PRF-138,Periods,Log achievement at midnight,Member,"Omar logs with the default date at 23:50 Riyadh on 30 Sep, and again at 00:05 on 1 Oct","First in September/Q3, second in October/Q4",V400; D20,hard rule (not editable),CORE-01 (the helper); achievements — DATE-* (P5-4),Unbuilt,
PRF-139,Periods,Browser in another time zone,Member,Omar's laptop is on UTC at 23:30 on 30 Sep (1 Oct 02:30 in Riyadh),"The app shows and dates 1 Oct; E2E runs under two time zones, both locales and a moved clock",V430 (OA20); P3-5 acceptance,hard rule (not editable),"None: playwright.config.ts fixes timezoneId Asia/Riyadh, one locale",Gap,"Add Playwright projects with a UTC time zone, the ar locale and a moved clock"
PRF-140,Periods,KPI pace at quarter start,Any,On 1 Oct K-REV has Q1–Q3 targets and a Q4 target,Due = Q1–Q3 in full + Q4 pro-rated by one Riyadh day; the monthly report of October shows October's addition to Q4,§3.8 rule 5; BLUEPRINT §3,hard rule (not editable),None — KPI-* (P5-4),Unbuilt,
PRF-141,Periods,Revenue month,Any,Invoices paid 30 Sep and 1 Oct,"Revenue in September/Q3 and October/Q4 by paid date; billing invoice dates shown beside, never deciding",§3.6 revenue date; V1,hard rule (not editable),None — FIN-* (P4-2),Unbuilt,
PRF-142,Periods,Logged late,Member,"After go-live, entries are logged 14 and 15 days after they happened, and one dated before go-live 40 days late","15 days: ""logged late""; 14 days: not; before go-live: never late",V400; V150,Settings → Work → late days; Settings → App → go-live date,ACT-01 (asserts logged_late false for today only),Partly,Add a DATE test for 14/15 days and the go-live boundary on core.logged_late
PRF-143,Periods,Settings → Work → late days,Admin,Admin changes late days from 14 to 7 on 1 Nov,"Entries logged before 1 Nov keep the 14-day rule; today work.late_days is not effective-dated and core.logged_late reads it as of today, so past entries flip",V97 (effective date for anything that changes numbers); V400,Settings → Work → late days,None,Gap,Make work.late_days effective-dated and read it as of the entry's logged day
PRF-144,Access,Any report or Finance link,Not on the list,An email that is not allowed opens /reports/monthly/2026-09 or /finance,Refused at the door; nothing of the page is drawn; the attempt logged,V2; V117; V208,Settings → Organization & access → allowed emails,an-unlisted-email-is-refused.spec.ts; no-content-is-drawn-before-me-is-known.spec.ts; SIGN-02,Covered,
PRF-145,Access,Outsider check,Not on the list,Someone with the publishable key and no sign-in calls the data API,"Reaches nothing; every new schema (finance, perf, report, appraisal) must be in the grants snapshot or CI fails",OA30 (V427); §5; V106,hard rule (not editable),GRANTS-02; GRANTS-03; GRANTS-04,Covered,
